,职位,公司,城市,薪资,经验,学历
0,安卓android,广州彩点网络科技有限公司,广州,10000.0,3-5年,本科
1,android开发工程师,平安付智能技术有限公司,上海,15000.0,3-5年,本科
2,android高级开发工程师,北京发现角科技有限公司,北京,20000.0,3-5年,本科
3,Android开发工程师,北京三快在线科技有限公司,北京,20000.0,1-3年,本科
4,android开发工程师,成都思而科软件有限公司,成都,8000.0,3-5年,本科
5,Android开发工程师,蜂助手股份有限公司,广州,20000.0,5-10年,本科
6,android开发工程师,北京车之家信息技术有限公司,北京,20000.0,3-5年,本科
7,android开发工程师,上海绘鸿信息技术有限公司,深圳,14000.0,1-3年,本科
8,android高级开发工程师,上海瑛麒动漫科技有限公司,厦门,15000.0,5-10年,本科
9,android开发工程师,深圳市吉祥腾达科技有限公司,成都,15000.0,3-5年,本科
10,Android开发工程师,清枫（北京）科技有限公司,北京,20000.0,1-3年,本科
11,高级Android开发工程师,武汉时光部落网络有限公司,武汉,15000.0,3-5年,本科
12,android开发工程师,上海瑛麒动漫科技有限公司,上海,18000.0,5-10年,本科
13,安卓android开发工程师,北京作业帮线上学科培训学校,合肥,20000.0,不限,本科
14,安卓android开发工程师,深圳壹木航科技有限公司,深圳,12000.0,1-3年,本科
15,android开发工程师,成都思而科软件有限公司,成都,8000.0,3-5年,本科
16,Android开发工程师,蜂助手股份有限公司,广州,20000.0,5-10年,本科
17,高级Android开发工程师,武汉时光部落网络有限公司,武汉,15000.0,3-5年,本科
18,安卓android开发工程师,北京作业帮线上学科培训学校,合肥,20000.0,不限,本科
19,安卓android开发工程师,深圳壹木航科技有限公司,深圳,12000.0,1-3年,本科
20,高级安卓android开发工程师,深圳壹木航科技有限公司,深圳,25000.0,3-5年,本科
21,安卓android开发工程师,广州胜维电器制造有限公司,广州,12000.0,3-5年,本科
22,安卓android开发工程师,深圳市睿服科技有限公司,佛山,15000.0,5-10年,本科
23,初级Android安卓开发工程师,深圳领域天马网络有限公司,深圳,5000.0,1年以下,大专
24,安卓android开发工程师,星河闪耀信息技术（成都）有限公司,成都,16000.0,3-5年,本科
25,安卓android开发工程师,上海元聚网络科技有限公司,上海,20000.0,3-5年,本科
26,安卓android开发工程师,航趣（上海）信息技术有限公司,重庆,7000.0,1-3年,本科
27,安卓android开发工程师,北京莲藕教育科技有限公司,北京,15000.0,3-5年,本科
28,安卓android开发工程师,深圳市求一科技有限公司,深圳,16000.0,3-5年,本科
29,安卓android开发工程师,深圳尚米网络技术有限公司,珠海,18000.0,3-5年,本科
30,高级Android开发工程师,雄岸^K集F有限公司,深圳,25000.0,3-5年,本科
31,android开发工程师,成都魔豆互动科技有限公司,成都,8000.0,1-3年,大专
32,Android开发工程师,深圳星创信息技术有限公司,长沙,10000.0,3-5年,本科
33,android开发工程师,博雅网络游戏开发（深圳）有限公司,深圳,11000.0,3-5年,大专
34,android开发工程师,上海收钱吧互联网科技股份有限公司,上海,18000.0,3-5年,本科
35,android开发工程师,北京联龙博通电子商务技术有限公司,上海,17000.0,3-5年,本科
36,android开发工程师,上海清序科技有限公司,上海,10000.0,1-3年,本科
37,android开发工程师,成都智源易行科技有限公司,成都,6000.0,1-3年,本科
38,Android开发工程师,北京三快在线科技有限公司,北京,30000.0,不限,不限
39,Android开发工程师,北京智者天下科技有限公司,北京,20000.0,1-3年,本科
40,android高级开发工程师,北京指南针科技发展股份有限公司,北京,20000.0,3-5年,本科
41,android开发工程师,佳思德科技（深圳）有限公司,深圳,10000.0,1-3年,本科
42,Android高级开发工程师,北京车之家信息技术有限公司,北京,25000.0,不限,本科
43,Android开发工程师,克鲁（北京）网络科技有限公司,北京,25000.0,5-10年,本科
44,高级android开发工程师,北京小川在线网络技术有限公司,深圳,25000.0,3-5年,本科
45,Android开发工程师,克鲁（北京）网络科技有限公司,北京,25000.0,5-10年,本科
46,高级android开发工程师,北京小川在线网络技术有限公司,深圳,25000.0,3-5年,本科
47,Android开发工程师,上海畅指网络科技有限公司广州分公司,广州,12000.0,1-3年,本科
48,android高级开发工程师,北京美餐巧达科技有限公司,北京,25000.0,3-5年,本科
49,android开发工程师,恩士迅信息科技（中国）有限责任公司,杭州,20000.0,3-5年,本科
50,android开发工程师,保时捷（上海）数字科技有限公司,上海,1000.0,3-5年,本科
51,android开发工程师,恩士迅信息科技（中国）有限责任公司,成都,15000.0,3-5年,本科
52,android高级开发工程师,北京新美互通科技有限公司,南京,25000.0,5-10年,本科
53,高级android开发工程师,深圳市塔思科技有限公司,深圳,20000.0,5-10年,本科
54,Android开发工程师,北京汉迪移动互联网科技股份有限公司,成都,10000.0,3-5年,本科
55,Android开发工程师,北京汉迪移动互联网科技股份有限公司,成都,10000.0,1-3年,本科
56,android开发工程师,上海绘鸿信息技术有限公司,深圳,14000.0,1-3年,本科
57,android开发工程师,北京三快在线科技有限公司,北京,25000.0,3-5年,本科
58,Android开发工程师,北京三快在线科技有限公司,北京,20000.0,1-3年,本科
59,android高级开发工程师,上海瑛麒动漫科技有限公司,厦门,15000.0,5-10年,本科
60,android开发工程师,北京三快在线科技有限公司,北京,25000.0,3-5年,本科
61,android开发工程师,重庆西西弗文化传播有限公司,重庆,13000.0,5-10年,本科
62,android开发工程师,上海零与壹软件有限公司,上海,10000.0,不限,大专
63,Android开发工程师,华为技术有限公司,武汉,15000.0,1-3年,本科
64,Android开发工程师,广东智源信息技术有限公司,广州,8000.0,1年以下,本科
65,高级android开发工程师,北京小熊博望科技有限公司,合肥,12000.0,3-5年,本科
66,android开发工程师,上海零与壹软件有限公司,桂林,5000.0,不限,大专
67,android开发工程师,北京新浪彩通网络技术有限公司,北京,8000.0,1-3年,本科
68,Android高级开发工程师,深圳市万声文化科技有限公司,深圳,20000.0,5-10年,本科
69,android开发工程师,杭州品联科技有限公司,成都,10000.0,不限,本科
70,android开发工程师,深圳市即构科技有限公司,深圳,15000.0,3-5年,本科
71,android高级开发工程师,深圳市联软科技股份有限公司,长沙,15000.0,3-5年,本科
72,android开发工程师,北京普睿德利科技有限公司,青岛,7000.0,1-3年,本科
73,Android开发工程师,深圳市天创进科技有限公司,深圳,18000.0,3-5年,大专
74,高级android开发工程师,深圳市移卡科技有限公司,深圳,25000.0,5-10年,本科
75,android开发工程师,深圳市万声文化科技有限公司,深圳,20000.0,3-5年,本科
76,Android开发工程师,北京普睿德利科技有限公司,广州,8000.0,1-3年,本科
77,android开发工程师,佳思德科技（深圳）有限公司,深圳,10000.0,1-3年,本科
78,高级Android开发工程师,广州优路网络科技有限公司,广州,23000.0,5-10年,大专
79,android开发工程师,北京一点网聚信息技术有限公司,北京,25000.0,3-5年,本科
80,android开发工程师,北京爱和健康科技有限公司,北京,15000.0,1-3年,本科
81,Android开发工程师,中国民航信息网络股份有限公司重庆分公司,重庆,5000.0,1-3年,本科
82,高级android开发工程师,上海森浦信息服务有限公司,上海,20000.0,3-5年,本科
83,android开发工程师,上海畅岑信息科技有限公司,上海,20000.0,3-5年,本科
84,android开发工程师,湖北天天数链技术有限公司,上海,10000.0,3-5年,本科
85,android开发工程师,北京蓝色脉动科技有限责任公司,济南,10000.0,3-5年,本科
86,android开发工程师,深圳市联软科技股份有限公司,长沙,12000.0,1-3年,本科
87,android开发工程师,荣耀终端有限公司,南京,30000.0,5-10年,本科
88,android开发工程师,深圳市即构科技有限公司,深圳,20000.0,3-5年,本科
89,高级Android开发工程师,亿咖通（湖北）技术有限公司,武汉,15000.0,5-10年,本科
90,android高级开发工程师,腾讯科技（深圳）有限公司,上海,40000.0,不限,本科
91,android开发工程师,惠尔丰信息系统有限公司,合肥,8000.0,1-3年,本科
92,android开发工程师,合肥网达软件有限公司,合肥,16000.0,5-10年,本科
93,android开发工程师,元时空智能科技（重庆）有限公司,成都,16000.0,3-5年,大专
94,android开发工程师,上海聪链信息科技有限公司,上海,12000.0,1-3年,本科
95,android开发工程师,每平每屋（上海）科技有限公司,上海,20000.0,3-5年,本科
96,Android,广州视源电子科技股份有限公司,广州,18000.0,不限,本科
97,android开发工程师,贝壳找房（北京）科技有限公司,北京,25000.0,3-5年,本科
98,android开发工程师,上海意鹰信息技术有限公司,上海,15000.0,3-5年,大专
99,高级android开发工程师,广州麦田信息技术有限公司,广州,15000.0,3-5年,本科
100,Android开发工程师,上海肯斯爪特科技有限公司,上海,25000.0,3-5年,本科
101,高级android开发工程师,蜂助手股份有限公司,广州,20000.0,5-10年,本科
102,android开发工程师,成都卡社诺网络技术有限责任公司,成都,20000.0,3-5年,本科
103,android开发工程师,厦门美图之家科技有限公司,深圳,20000.0,3-5年,本科
104,android开发工程师,北京摩尔斯科技有限公司,北京,18000.0,3-5年,本科
105,android开发工程师,北京摩尔斯科技有限公司,成都,15000.0,3-5年,本科
106,android开发工程师,缀初网络技术（上海）有限公司,上海,25000.0,不限,本科
107,android高级开发工程师,五八同城信息技术有限公司,北京,18000.0,3-5年,本科
108,Android开发工程师,广州赛驷网络科技有限公司,广州,12000.0,1-3年,大专
109,Android开发工程师,合肥网达软件有限公司,合肥,15000.0,5-10年,大专
110,android开发工程师,湖北天天数链技术有限公司,深圳,10000.0,1-3年,大专
111,android高级开发工程师,贝壳找房（北京）科技有限公司,北京,30000.0,3-5年,本科
112,Android开发工程师,成都阿加犀智能科技有限公司,成都,15000.0,5-10年,本科
113,android开发工程师,佳思德科技（深圳）有限公司,深圳,10000.0,1-3年,本科
114,android开发工程师,广州麦田信息技术有限公司,广州,12000.0,1-3年,本科
115,android开发工程师,连尚（北京）网络科技有限公司,上海,20000.0,3-5年,本科
116,android开发工程师,宝宝巴士股份有限公司,福州,10000.0,1-3年,本科
117,android开发工程师,荣耀终端有限公司,深圳,30000.0,5-10年,本科
118,Android开发工程师,深圳依时货拉拉科技有限公司,深圳,25000.0,3-5年,本科
119,android开发工程师,中航信移动科技有限公司,北京,20000.0,5-10年,本科
120,Android开发工程师,睿云联（厦门）网络通讯技术有限公司,福州,10000.0,1年以下,本科
121,Android开发工程师,睿云联（厦门）网络通讯技术有限公司,厦门,10000.0,不限,本科
122,android开发工程师,成都仰格科技有限责任公司,成都,25000.0,5-10年,本科
123,android高级开发工程师,北京搜狐新媒体信息技术有限公司,北京,20000.0,3-5年,本科
124,android开发工程师,北京卓越晨星科技有限公司,成都,10000.0,不限,不限
125,Android开发工程师,深圳市迅雷网络技术有限公司,南京,20000.0,3-5年,本科
126,高级android开发工程师,浙江新蓝网络传媒有限公司,杭州,15000.0,3-5年,本科
127,android开发工程师,五八同城信息技术有限公司,北京,25000.0,3-5年,本科
128,android开发工程师,宁波音王电声股份有限公司,宁波,10000.0,3-5年,本科
129,android开发工程师,北京畅聊天下科技股份有限公司,北京,18000.0,1-3年,本科
130,android开发工程师,北京畅聊天下科技股份有限公司,北京,18000.0,1-3年,本科
131,android开发工程师,慧博云通科技股份有限公司,深圳,10000.0,3-5年,本科
132,安卓开发工程师,深圳市法本信息技术股份有限公司,深圳,16000.0,5-10年,大专
133,安卓开发工程师,每日互动股份有限公司,杭州,15000.0,1-3年,本科
134,安卓开发工程师,北京萌宝科技有限公司,深圳,15000.0,3-5年,本科
135,android开发工程师,武汉源全人才服务有限公司,武汉,10000.0,3-5年,本科
136,android开发工程师,武汉源全人才服务有限公司,武汉,10000.0,3-5年,本科
137,android软件fae工程师,深圳康佳电子科技有限公司,深圳,13000.0,不限,本科
138,android系统工程师,蜂助手股份有限公司,深圳,20000.0,3-5年,大专
139,Android研发工程师-抖音-隐私合规,抖音视界（北京）有限公司,北京,30000.0,3-5年,本科
140,Android 逆向工程师 (破解、逆向、仿造、源码方向),北京趣拿软件科技有限公司,北京,30000.0,3-5年,本科
141,中级android开发工程师,蜂助手股份有限公司,广州,15000.0,3-5年,本科
142,Android客户端高级工程师,东风汽车有限公司东风日产乘用车公司,广州,16000.0,3-5年,本科
143,智能创作解决方案研发工程师(iOS/Android方向),抖音视界（北京）有限公司,深圳,20000.0,1-3年,本科
144,Android图形工程师,北京梦想绽放技术有限公司,北京,15000.0,3-5年,本科
145,Android Framework高级工程师,东风汽车有限公司东风日产乘用车公司,广州,16000.0,3-5年,本科
146,Android架构师,北京自如住房租赁有限公司,北京,25000.0,5-10年,本科
147,Android 研发工程师（C端）(T000091,上海寻梦信息技术有限公司,上海,25000.0,不限,本科
148,iOS/Android开发工程师(T000075),上海寻梦信息技术有限公司,上海,20000.0,1-3年,本科
149,资深Android工程师(P6003),北京小熊博望科技有限公司,合肥,18000.0,5-10年,本科
150,android开发工程师,武汉源全人才服务有限公司,武汉,10000.0,3-5年,本科
151,抖音Android高级工程师 - 搜索方向,抖音视界（北京）有限公司,北京,30000.0,不限,本科
152,Android开发工程师―今日头条,抖音视界（北京）有限公司,北京,25000.0,不限,本科
153,android系统开发工程师,深圳看到科技有限公司,深圳,25000.0,5-10年,本科
154,Android客户端高级工程师,东风汽车有限公司东风日产乘用车公司,广州,16000.0,3-5年,本科
155,android系统工程师,蜂助手股份有限公司,广州,20000.0,5-10年,本科
156,Android开发工程师（商家端）,上海寻梦信息技术有限公司,上海,30000.0,3-5年,本科
157,Android 研发工程师（C端）(T000091,上海寻梦信息技术有限公司,上海,25000.0,不限,本科
158,安卓开发工程师,四川效率源信息安全技术股份有限公司,广州,7000.0,1-3年,本科
159,安卓开发工程师,飞虎互动科技（北京）有限公司,南京,13000.0,5-10年,本科
160,安卓开发工程师,上海哔哩哔哩科技有限公司,上海,20000.0,3-5年,本科
161,安卓开发工程师,上海若古信息科技有限公司,上海,12000.0,不限,本科
162,安卓开发工程师,OPPO广东移动通信有限公司,深圳,25000.0,3-5年,本科
163,安卓开发工程师,贝壳找房（北京）科技有限公司,北京,25000.0,3-5年,本科
164,安卓开发工程师,杭州觅睿科技股份有限公司,杭州,12000.0,3-5年,本科
165,Android研发工程师-短视频-创作工具,抖音视界（北京）有限公司,北京,25000.0,3-5年,本科
166,Android研发工程师（商业创作方向） - 剪映,抖音视界（北京）有限公司,深圳,30000.0,不限,本科
167,安卓开发工程师,每日互动股份有限公司,杭州,15000.0,1-3年,本科
168,安卓开发工程师,杭州觅睿科技股份有限公司,杭州,12000.0,3-5年,本科
169,安卓开发工程师,杭州品联科技有限公司,成都,12000.0,1-3年,本科
170,安卓开发工程师,北京博学明辨科技有限公司,北京,15000.0,不限,硕士
171,安卓开发工程师,融捷教育科技有限公司,北京,10000.0,1-3年,本科
172,安卓开发工程师,蜂助手股份有限公司,广州,15000.0,3-5年,本科
173,安卓开发工程师,京北方信息技术股份有限公司,广州,14000.0,3-5年,本科
174,安卓开发工程师,琢品网络科技（上海）有限公司,上海,20000.0,3-5年,本科
175,安卓开发工程师,北京莲藕教育科技有限公司,北京,15000.0,1-3年,本科
176,安卓开发工程师,合肥网达软件有限公司,合肥,12000.0,3-5年,本科
177,安卓开发工程师,西安人瑞网络科技有限公司,杭州,16000.0,3-5年,大专
178,安卓开发工程师,广州市小步信息科技有限公司,广州,10000.0,1-3年,本科
179,安卓开发工程师,杭州玖欣物联科技有限公司,杭州,15000.0,3-5年,本科
180,高级Android Linux开发工程师-PICO,抖音视界（北京）有限公司,北京,40000.0,不限,本科
181,Android研发工程师-抖音-隐私合规,抖音视界（北京）有限公司,北京,30000.0,3-5年,本科
182,安卓开发工程师,深圳市博奥特科技有限公司,深圳,14000.0,3-5年,本科
183,安卓开发工程师,上海阿慕比文化科技有限公司,上海,15000.0,3-5年,本科
184,安卓开发工程师,深圳臻像科技有限公司,深圳,15000.0,1-3年,本科
185,安卓开发工程师,成都奇鲁科技有限公司,成都,10000.0,1-3年,本科
186,安卓开发工程师,上海清序科技有限公司,上海,10000.0,1-3年,本科
187,安卓开发工程师,北京小熊博望科技有限公司,深圳,14000.0,1-3年,本科
188,安卓开发工程师,广东智源信息技术有限公司,广州,6000.0,1-3年,本科
189,安卓开发工程师,京北方信息技术股份有限公司,广州,14000.0,3-5年,本科
190,安卓开发工程师,彩讯科技股份有限公司,南京,15000.0,5-10年,本科
191,安卓android开发工程师,广州二向箔信息科技有限公司,广州,11000.0,1-3年,本科
192,Android开发-交易技术,行吟信息科技（上海）有限公司,上海,30000.0,3-5年,本科
193,Android高级开发工程师 (MJ008615),北京搜狐新媒体信息技术有限公司,北京,15000.0,3-5年,本科
194,互联网业务-Android高级开发工程师【投教】,富途网络科技（深圳）有限公司,深圳,20000.0,3-5年,本科
195,Android开发工程师 - 抖音创作工具,抖音视界（北京）有限公司,深圳,30000.0,3-5年,本科
196,Android开发高级工程师,抖音视界（北京）有限公司,广州,30000.0,3-5年,本科
197,Android开发工程师 - 【商业化】,北京达佳互联信息技术有限公司,北京,25000.0,3-5年,本科
198,Android开发工程师（杭州）-【商业化】,北京达佳互联信息技术有限公司,杭州,25000.0,3-5年,本科
199,互联网业务-Android多媒体开发工程师,富途网络科技（深圳）有限公司,深圳,18000.0,3-5年,本科
200,android开发(自动化测试经验),加绩（上海）科技服务有限公司,上海,22000.0,5-10年,本科
201,Android软件开发（杭州）,上海收钱吧互联网科技股份有限公司,杭州,18000.0,3-5年,本科
202,Android软件开发实习生,奇酷软件（深圳）有限公司,深圳,5000.0,不限,本科
203,Android应用开发工程师 (MJ001781),成都极米科技股份有限公司,成都,15000.0,3-5年,本科
204,资深Android开发工程师,北京三快在线科技有限公司,北京,40000.0,不限,不限
205,Android 浏览器引擎软件工程师,上海视九信息科技有限公司,上海,10000.0,1-3年,本科
206,Android SDK开发工程师,北京嘀嘀无限科技发展有限公司,北京,20000.0,3-5年,本科
207,android逆向开发工程师,广州加兔网络科技有限公司,广州,18000.0,不限,不限
208,android研发工程师,成都奇鲁科技有限公司,成都,10000.0,1-3年,本科
209,Android技术专家（性能、架构方向）,北京三快在线科技有限公司,北京,40000.0,不限,不限
210,Android开发工程师 - 抖音创作工具,抖音视界（北京）有限公司,深圳,30000.0,不限,本科
211,Android 开发（高级）工程师 ― 开放平台方向,抖音视界（北京）有限公司,北京,25000.0,1-3年,本科
212,Android客户端开发工程师-【快聘】,北京达佳互联信息技术有限公司,北京,25000.0,3-5年,本科
213,Android SDK开发工程师,北京嘀嘀无限科技发展有限公司,北京,20000.0,3-5年,本科
214,android逆向开发工程师,广州加兔网络科技有限公司,广州,18000.0,不限,不限
215,android研发工程师,成都奇鲁科技有限公司,成都,10000.0,1-3年,本科
216,Android技术专家（性能、架构方向）,北京三快在线科技有限公司,北京,40000.0,不限,不限
217,Android开发工程师(A251802),北京懂球帝科技有限公司,杭州,15000.0,3-5年,本科
218,资深android工程师(A30123),北京小熊博望科技有限公司,合肥,18000.0,5-10年,本科
219,android应用开发工程师,奇酷软件（深圳）有限公司,北京,15000.0,1-3年,本科
220,Android开发工程师（直播）-【主站】,北京达佳互联信息技术有限公司,北京,15000.0,1-3年,本科
221,android开发工程师（海外）,OPPO广东移动通信有限公司,深圳,25000.0,3-5年,本科
222,中级android开发工程师,蜂助手股份有限公司,广州,15000.0,3-5年,本科
223,移动音视频工程师 - Android方向 (MJ007121),北京搜狐新媒体信息技术有限公司,广州,15000.0,不限,本科
224,Android客户端高级工程师,东风汽车有限公司东风日产乘用车公司,广州,16000.0,3-5年,本科
225,Android开发高级工程师,抖音视界（北京）有限公司,广州,30000.0,3-5年,本科
226,Android开发工程师―搜索方向,抖音视界（北京）有限公司,深圳,25000.0,3-5年,本科
227,Android显示软件开发高级工程师,联想（北京）有限公司,深圳,25000.0,5-10年,本科
228,android系统工程师,OPPO广东移动通信有限公司,深圳,30000.0,5-10年,本科
229,Android系统工程师,北京虹宇科技有限公司,北京,25000.0,不限,本科
230,Android应用开发（Android适配）,北京虹宇科技有限公司,北京,30000.0,5-10年,本科
231,Android系统工程师（TV）,欢欢喜喜（天津）文化投资有限公司,北京,22000.0,3-5年,本科
232,android应用开发工程师,德科信息有限公司,深圳,19000.0,3-5年,大专
233,Android开发专家-双休/六险一金,北京思明启创科技有限公司,武汉,20000.0,5-10年,本科
234,android中高级开发工程师,上海若古信息科技有限公司,上海,15000.0,3-5年,本科
235,android研发工程师,北京怦然心动科技有限公司,北京,15000.0,3-5年,本科
236,Android图形软件开发高级工程师,联想（北京）有限公司,武汉,25000.0,5-10年,本科
237,高级 Android开发工程师 (MJ000178),广州希音供应链管理有限公司,深圳,20000.0,3-5年,本科
238,android高级开发工程师 (MJ001923),凤凰飞扬（北京）新媒体信息技术有限公司,北京,13000.0,5-10年,本科
239,Android研发工程师,上海一谈网络科技有限公司,广州,15000.0,3-5年,本科
240,Android SDK研发工程师（厂商技术方向）,抖音视界（北京）有限公司,深圳,30000.0,3-5年,本科
241,Android BSP系统驱动工程师-PICO,抖音视界（北京）有限公司,北京,40000.0,3-5年,本科
242,Android显示软件开发高级工程师,联想（北京）有限公司,武汉,25000.0,5-10年,本科
243,Android高级工程师-【视频】,联想（北京）有限公司,武汉,26000.0,5-10年,本科
244,Android系统工程师(SA6L),深圳市酷开网络科技股份有限公司,深圳,20000.0,5-10年,本科
245,车机中控系统开发工程师（Android）,深圳万顺叫车云信息技术有限公司,武汉,15000.0,5-10年,本科
246,Android CV开发,北京三星通信技术研究有限公司,北京,15000.0,不限,本科
247,Android开发架构师（智能座舱）,亿咖通（湖北）技术有限公司,武汉,30000.0,10年以上,本科
248,高级Android开发工程师 (MJ000037),美琦佳成网络科技有限公司,广州,15000.0,5-10年,本科
249,（成都）Android开发工程师,北京搜狐新媒体信息技术有限公司,成都,12000.0,不限,本科
250,中级Android开发工程师,广州优路网络科技有限公司,广州,15000.0,3-5年,大专
251,资深Android研发工程师,北京小熊博望科技有限公司,合肥,18000.0,5-10年,本科
252,android驱动开发工程师,佳思德科技（深圳）有限公司,深圳,12000.0,1-3年,大专
253,android助理软件工程师,重庆市易平方科技有限公司深圳分公司,深圳,13000.0,1-3年,本科
254,高级Android研发工程师(JCKXP),掌阅科技股份有限公司,北京,25000.0,5-10年,本科
255,Android开发工程师―今日头条,抖音视界（北京）有限公司,北京,25000.0,不限,本科
256,高级Android开发工程师-飞书业务中台,抖音视界（北京）有限公司,上海,25000.0,不限,本科
257,Flutter开发工程师（iOS/android）,深圳市天创进科技有限公司,深圳,15000.0,3-5年,大专
258,Android架构师,格尔软件股份有限公司,上海,30000.0,5-10年,本科
259,Android高级软件工程师,格尔软件股份有限公司,上海,24000.0,5-10年,本科
260,QQ基础-Android开发工程师,腾讯科技（深圳）有限公司,深圳,12000.0,1-3年,本科
261,Android开发工程师-STEAM,网易（杭州）网络有限公司,北京,20000.0,1-3年,本科
262,高级android应用研发工程师,OPPO广东移动通信有限公司,深圳,28000.0,5-10年,本科
263,Android逆向工程师(9PKV),深圳市一面网络技术有限公司,深圳,20000.0,3-5年,本科
264,初级android开发工程师,上海畅岑信息科技有限公司,上海,10000.0,1-3年,本科
265,资深android开发工程师,携程计算机技术（上海）有限公司,上海,30000.0,5-10年,本科
266,android技术专家,爱普拉维（北京）技术开发有限公司,杭州,35000.0,5-10年,本科
267,高级/资深android开发工程师,北京美餐巧达科技有限公司,北京,20000.0,3-5年,本科
268,高级android开发工程师 （武汉/南京）,丰疆智能（深圳）有限公司,武汉,20000.0,3-5年,本科
269,Android资深开发工程师 (MJ000062),上海仙途智能科技有限公司,上海,25000.0,3-5年,本科
270,Android/iOS SDK开发工程师（智能创作方向）,抖音视界（北京）有限公司,深圳,20000.0,1-3年,本科
271,智能创作解决方案研发工程师(iOS/Android方向),抖音视界（北京）有限公司,深圳,20000.0,1-3年,本科
272,android工程师,深圳市移卡科技有限公司,深圳,20000.0,3-5年,本科
273,android/ios开发工程师,携程计算机技术（上海）有限公司,上海,30000.0,5-10年,本科
274,Android开发工程师（工程机械）,丰疆智能（深圳）有限公司,武汉,20000.0,3-5年,本科
275,android系统开发工程师,上海蔚来汽车有限公司,上海,25000.0,不限,本科
276,高级Android开发工程师(海外直播）,广州智品网络科技有限公司,广州,25000.0,3-5年,本科
277,Android 高级应用工程师（AI方向）,OPPO广东移动通信有限公司,深圳,30000.0,5-10年,本科
278,Android 高级应用工程师（AI方向）,OPPO广东移动通信有限公司,南京,30000.0,5-10年,本科
279,Android操作系统开发专家,比亚迪汽车工业有限公司,北京,30000.0,10年以上,本科
280,Android资深开发工程师(Y9155),上海蔚来汽车有限公司,上海,30000.0,5-10年,本科
281,Android应用开发工程师（C/C++方向）,北京虹宇科技有限公司,北京,30000.0,不限,本科
282,Android资深工程师/专家,北京金堤科技有限公司,北京,30000.0,5-10年,本科
283,android逆向工程师,深圳麦风科技有限公司,深圳,15000.0,3-5年,大专
284,android开发工程师（双休+五险一金）,网思科技股份有限公司,福州,6000.0,1-3年,大专
285,高级Android开发工程师 ― 影像,抖音视界（北京）有限公司,深圳,20000.0,3-5年,本科
286,Android开发工程师 - 抖音创作工具,抖音视界（北京）有限公司,深圳,30000.0,3-5年,本科
287,Android开发岗,长城证券股份有限公司,深圳,20000.0,不限,本科
288,Android开发工程师【No.003】,北京优幕科技有限责任公司,北京,15000.0,3-5年,本科
289,初级Android工程师（电商APP）,大启科技（上海）有限公司,上海,10000.0,1-3年,本科
290,成都-Android开发工程师,元时空智能科技（重庆）有限公司,成都,18000.0,3-5年,本科
291,Android应用开发工程师(J10447),北京四维智联科技有限公司,北京,15000.0,3-5年,本科
292,Android高级开发工程师-K1472O,广东美的制冷设备有限公司,佛山,25000.0,5-10年,本科
293,Android工程师,上海阅文信息技术有限公司,深圳,15000.0,1-3年,本科
294,Android应用软件开发工程师,广州诺特软件开发有限公司,广州,8000.0,1-3年,本科
295,商业策略研发部_Android研发工程师,百度在线网络技术（北京）有限公司,北京,25000.0,1-3年,本科
296,高级Android工程师,北京小熊博望科技有限公司,北京,30000.0,5-10年,本科
297,高级android开发工程师 （南京）,丰疆智能（深圳）有限公司,南京,20000.0,3-5年,本科
298,Android研发工程师/专家,上海寻梦信息技术有限公司,上海,30000.0,3-5年,本科
299,Android Framework开发工程师(J10306),北京四维智联科技有限公司,北京,15000.0,5-10年,本科
300,Android SDK研发工程师（厂商技术方向）,抖音视界（北京）有限公司,深圳,30000.0,3-5年,本科
301,Android开发工程师 ― 剪映/相机,抖音视界（北京）有限公司,广州,30000.0,3-5年,本科
302,Android图形软件开发高级工程师,联想（北京）有限公司,深圳,25000.0,5-10年,本科
303,Android开发工程师（清远）-J155157,北京高梓行远科技有限公司,清远,10000.0,1-3年,本科
304,高级Android开发工程师-58集团总部,五八同城信息技术有限公司,北京,25000.0,3-5年,本科
305,android framework开发工程师,北京梦想绽放技术有限公司,北京,35000.0,5-10年,本科
306,Senior oftware Engineer (Android Kotlin),亿磐系统（深圳）有限公司,成都,15000.0,5-10年,本科
307,资深android工程师/架构师,北京小熊博望科技有限公司,合肥,25000.0,5-10年,本科
308,Android Framework 资深软件工程师,北京嘀嘀无限科技发展有限公司,北京,25000.0,5-10年,本科
309,Android研发工程师,北京猿力未来科技有限公司,北京,30000.0,3-5年,本科
310,Android Framework开发工程师/专家,亿咖通（湖北）技术有限公司,上海,20000.0,5-10年,本科
311,Android Framework开发工程师/专家,亿咖通（湖北）技术有限公司,杭州,20000.0,5-10年,本科
312,android系统开发工程师,成都阿加犀智能科技有限公司,成都,15000.0,5-10年,本科
313,Android高级软件研发工程师(D1482),小米科技有限责任公司,南京,30000.0,5-10年,本科
314,Android系统研发工程师(偏移动端虚拟化),上海卓盟信息科技有限公司,上海,25000.0,3-5年,本科
315,高级Android开发工程师-抖音支付,抖音视界（北京）有限公司,北京,25000.0,3-5年,本科
316,Android开发（高级）工程师,抖音视界（北京）有限公司,上海,20000.0,3-5年,本科
317,Android系统研发工程师(偏PC端虚拟化),上海卓盟信息科技有限公司,上海,25000.0,5-10年,本科
318,android底层驱动开发工程师,佳思德科技（深圳）有限公司,深圳,12000.0,3-5年,本科
319,资深Android开发工程师 (MJ015935),携程计算机技术（上海）有限公司,上海,30000.0,3-5年,本科
320,android framework开发工程师,杭州当贝网络科技有限公司,杭州,30000.0,5-10年,本科
321,高级android 架构师,昆仑数智科技有限责任公司,北京,20000.0,5-10年,本科
322,中级开发Android,昆仑数智科技有限责任公司,北京,15000.0,3-5年,本科
323,android framework开发工程师,北京卓越晨星科技有限公司,成都,25000.0,5-10年,本科
324,android逆向开发工程师,广州加兔网络科技有限公司,广州,13000.0,不限,大专
325,android研发工程师,广州翼辅科技有限公司,广州,12000.0,3-5年,本科
326,Android开发工程师(009241),中信银行股份有限公司信用卡中心,深圳,20000.0,3-5年,本科
327,Android开发工程师(009222),中信银行股份有限公司信用卡中心,深圳,20000.0,3-5年,本科
328,Android开发工程师(J10474),北京花房科技有限公司,上海,15000.0,不限,不限
329,android famework高级软件工程师,北京旗浦悄芸萍加邢薰司,北京,20000.0,1-3年,本科
330,高级Android开发工程师-飞书业务中台,抖音视界（北京）有限公司,北京,25000.0,不限,本科
331,Android研发工程师-抖音/直播,抖音视界（北京）有限公司,北京,30000.0,3-5年,本科
332,资深android开发工程师,聚量矩阵科技有限公司,杭州,20000.0,3-5年,大专
333,移动端开发工程师（Flutter/iOS/Android）,深圳市客路网络科技有限公司,深圳,16000.0,不限,不限
334,PTBU-Android研发工程师,广州酷狗计算机科技有限公司,广州,25000.0,5-10年,本科
335,Android 客户端开发-即时通讯（IM）开放能力,上海米哈游网络科技股份有限公司,上海,25000.0,不限,不限
336,Android技术专家,北京三快在线科技有限公司,北京,40000.0,不限,本科
337,SPBU-高级Android开发工程师,广州酷狗计算机科技有限公司,广州,18000.0,5-10年,本科
338,高级Android工程师(U4188),北京小熊博望科技有限公司,合肥,12000.0,3-5年,本科
339,Android开发工程师-【主站技术部】,北京达佳互联信息技术有限公司,北京,25000.0,3-5年,本科
340,高级Android工程师,深圳市迅雷网络技术有限公司,深圳,20000.0,3-5年,本科
341,android高级开发工程师（偏做产品的适配）,深圳看到科技有限公司,深圳,15000.0,3-5年,本科
342,Android系统工程师,摩斯智联科技有限公司,成都,23000.0,3-5年,本科
343,高级Android系统工程师 (MJ000120),成都极米科技股份有限公司,成都,15000.0,5-10年,本科
344,外卖技术-大前端研发工程师（Android、iOS、FE）,北京三快在线科技有限公司,北京,30000.0,3-5年,本科
345,Android/iOS 开发工程师（智能创作方向）,抖音视界（北京）有限公司,广州,30000.0,1-3年,本科
346,Android/iOS SDK开发工程师（企业产品方向）,抖音视界（北京）有限公司,广州,30000.0,1-3年,本科
347,高级 Android 开发工程师,深圳大宇无限科技有限公司,深圳,30000.0,5-10年,本科
348,资深Android开发工程师,上海阑途信息技术有限公司,上海,28000.0,3-5年,本科
349,架构师（Android),掌阅科技股份有限公司,北京,60000.0,5-10年,本科
350,资深android架构师,掌阅科技股份有限公司,北京,35000.0,5-10年,本科
351,Android 研发工程师 (MJ003794),北京智者天下科技有限公司,北京,25000.0,1-3年,本科
352,android开发工程师,昆山可圈可点信息服务有限公司,苏州,13000.0,3-5年,大专
353,安卓android开发工程师,北京搜狐互联网信息服务有限公司,北京,25000.0,3-5年,大专
354,安卓主管/高级安卓,上海瑛麒动漫科技有限公司,上海,20000.0,5-10年,本科
355,资深安卓工程师（音视频）,北京嘀嘀无限科技发展有限公司,北京,25000.0,5-10年,本科
356,flutter开发工程师（安卓）,上海瑞妮丝医疗美容门诊部有限公司,上海,10000.0,1-3年,本科
357,android开发工程师,成都锐石引擎科技有限公司,成都,13000.0,3-5年,大专
358,高级安卓开发工程师,琢品网络科技（上海）有限公司,上海,25000.0,5-10年,本科
359,前端开发（会原生安卓开发）,中电金信软件有限公司,上海,15000.0,5-10年,本科
360,Android高级研发工程师（国际化产品）,抖音视界（北京）有限公司,上海,26000.0,不限,本科
361,Android研发工程师（商业创作方向） - 剪映,抖音视界（北京）有限公司,北京,30000.0,不限,本科
362,安卓开发工程师(A36344),北京华卫迪特健康科技有限公司,北京,15000.0,1-3年,本科
363,高级安卓开发工程师,北京新美互通科技有限公司,南京,25000.0,5-10年,本科
364,高级安卓开发工程师,北京新美互通科技有限公司,北京,20000.0,5-10年,本科
365,安卓开发工程师（应届生/1-2年都可）,上海若古信息科技有限公司,广州,10000.0,不限,本科
366,安卓系统开发工程师,百度在线网络技术（北京）有限公司,北京,20000.0,3-5年,本科
367,安卓客户端开发,小米科技有限责任公司,北京,20000.0,3-5年,本科
368,安卓开发工程师-数据智能,广州海颐软件有限公司,广州,8000.0,1-3年,本科
369,安卓开发工程师,广州二向箔信息科技有限公司,广州,11000.0,1-3年,本科
370,安卓工程师（Kotlin）,亿磐系统（深圳）有限公司,苏州,15000.0,5-10年,不限
371,安卓开发工程师（交付）,深圳市即构科技有限公司,深圳,20000.0,3-5年,本科
372,资深安卓开发工程师,南京伯索网络科技有限公司,南京,20000.0,3-5年,本科
373,安卓系统工程师,蜂助手股份有限公司,深圳,20000.0,3-5年,大专
374,高级安卓开发工程师,融捷教育科技有限公司,北京,20000.0,3-5年,本科
375,Android开发技术专家-飞书日历,抖音视界（北京）有限公司,上海,20000.0,不限,本科
376,Android功耗优化负责人-PICO,抖音视界（北京）有限公司,北京,40000.0,不限,本科
377,安卓专家开发工程师 (MJ000120),上海兰亭集势信息技术有限公司,上海,15000.0,3-5年,本科
378,安卓系统开发工程师,丰疆智能（深圳）有限公司,武汉,18000.0,3-5年,本科
379,高级安卓开发工程师,亿磐系统（深圳）有限公司,成都,16000.0,5-10年,本科
380,安卓工程师,杭州数正云悦科技合伙企业（有限合伙）,杭州,15000.0,5-10年,本科
381,资深安卓开发工程师,广州凌隆网络科技有限公司,广州,10000.0,3-5年,本科
382,IoT开发工程师（安卓）,图腾视界（广州）数字科技有限公司,广州,15000.0,5-10年,本科
383,安卓应用开发工程师,广州视源电子科技股份有限公司,广州,18000.0,不限,本科
384,安卓系统工程师,北京康比特体育科技股份有限公司,北京,15000.0,3-5年,本科
385,高级安卓开发工程师,厦门美图之家科技有限公司,深圳,20000.0,5-10年,本科
386,高级安卓开发工程师,深圳市和讯华谷信息技术有限公司,深圳,30000.0,3-5年,本科
387,安卓系统开发工程师,广州视源电子科技股份有限公司,广州,18000.0,不限,本科
388,高级安卓开发工程师,亚信科技（中国）有限公司,武汉,15000.0,3-5年,本科
389,资深安卓开发工程师,亿磐系统（深圳）有限公司,苏州,14000.0,5-10年,本科
390,Android系统稳定性开发工程师-Pico,抖音视界（北京）有限公司,北京,40000.0,不限,本科
391,抖音搜索Android研发工程师,抖音视界（北京）有限公司,北京,25000.0,不限,本科
392,安卓高级开发工程师,亿磐系统（深圳）有限公司,苏州,14000.0,5-10年,本科
393,安卓/flutter开发工程师,华港咨询（深圳）有限公司,深圳,10000.0,3-5年,本科
394,安卓开发工程师 (MJ001098),广州广电运通金融电子股份有限公司,广州,14000.0,3-5年,本科
395,安卓BSP工程师,北京虹宇科技有限公司,北京,30000.0,5-10年,本科
396,高级安卓开发工程师,亿磐系统（深圳）有限公司,成都,20000.0,5-10年,本科
397,高级安卓开发工程师,深圳尚米网络技术有限公司,深圳,18000.0,3-5年,本科
398,高级安卓图形开发工程师,欧特克（中国）软件研发有限公司,上海,30000.0,5-10年,本科
399,安卓工程师,北京旗浦悄芸萍加邢薰司,北京,20000.0,1-3年,本科
400,软件工程师-安卓方向,北京旗浦悄芸萍加邢薰司,北京,12000.0,3-5年,本科
401,安卓系统工程师,广州视源电子科技股份有限公司,广州,18000.0,1-3年,本科
402,高级安卓开发工程师,南京伯索网络科技有限公司,南京,15000.0,3-5年,本科
403,安卓应用开发工程师,广州视源电子科技股份有限公司,广州,18000.0,3-5年,本科
404,安卓/ios/web 前端开发工程师,深圳唐果屋智能科技有限公司,深圳,15000.0,3-5年,本科
405,Android/iOS开发（高级）工程师-小说,抖音视界（北京）有限公司,北京,20000.0,不限,本科
406,Android开发工程师-今日头条,抖音视界（北京）有限公司,深圳,25000.0,3-5年,本科
407,高级安卓开发工程师,亿磐系统（深圳）有限公司,苏州,12000.0,5-10年,本科
408,高级安卓开发工程师,亿磐系统（深圳）有限公司,成都,15000.0,5-10年,本科
409,高级安卓开发工程师,深圳凡泰极客科技有限责任公司,深圳,16000.0,5-10年,本科
410,IM平台-客户端（IOS/安卓/PC）开发负责人,美的集团股份有限公司,佛山,30000.0,5-10年,本科
411,安卓高级开发工程师（深圳）,深圳市时代华盛网络科技有限公司,深圳,15000.0,5-10年,本科
412,安卓高级开发工程师（长沙）,深圳市时代华盛网络科技有限公司,长沙,15000.0,5-10年,本科
413,高级ios安卓web前端开发主管,深圳唐果屋智能科技有限公司,深圳,23000.0,3-5年,本科
414,SC-安卓开发工程师（武汉）,顺丰科技有限公司,武汉,20000.0,5-10年,本科
415,高级安卓开发工程师,北京王元具智能技术有限公司,北京,28000.0,5-10年,本科
416,安卓研发,上海一谈网络科技有限公司,广州,15000.0,1-3年,本科
417,高级android开发工程师,上海一家玖赢企业管理咨询有限公司,上海,30000.0,5-10年,本科
418,安卓开发工程师,光合万家（北京）人力资源管理服务有限公司,北京,15000.0,5-10年,本科
419,android开发工程师,深圳市为华领航时代科技有限公司,深圳,7000.0,1-3年,本科
420,高级Android客户端研发工程师 ― 穿山甲,抖音视界（北京）有限公司,深圳,30000.0,不限,本科
421,Android/iOS 研发工程师（智能创作）,抖音视界（北京）有限公司,北京,25000.0,3-5年,本科
422,Android技术专家,北京三快在线科技有限公司,北京,35000.0,5-10年,本科
423,Java/python/web/c/c++/js/go/测试/安卓,北京外企德科人力资源服务上海有限公司,西安,15000.0,不限,本科
424,安卓android开发工程师,上海荆轲网络科技有限公司,上海,12000.0,1-3年,大专
425,android开发工程师,尚能视觉科技（深圳）有限公司,深圳,13000.0,1-3年,本科
426,android开发工程师,上海元趣娱乐有限公司,北京,25000.0,5-10年,本科
427,安卓android开发工程师,广州映博智能科技有限公司,广州,10000.0,3-5年,本科
428,安卓android开发,广州华见智能科技有限公司,广州,6000.0,1-3年,大专
429,安卓android开发工程师,深圳市拓保软件有限公司,广州,15000.0,3-5年,本科
430,安卓android开发工程师,成都葫芦互娱科技有限公司,成都,13000.0,3-5年,本科
431,安卓android开发工程师,杭州一寒科技有限公司,杭州,15000.0,1-3年,本科
432,安卓android开发工程师,上海钒锝科技有限公司,上海,15000.0,3-5年,本科
433,安卓android开发工程师,杭州沧溟网络科技有限公司,杭州,13000.0,3-5年,本科
434,安卓android开发工程师（浙江嘉兴）,中国电子科技南湖研究院,广州,20000.0,1-3年,硕士
435,高级开发工程师 - Android - 国际化短视频（内容发现方向）,抖音视界（北京）有限公司,北京,50000.0,不限,本科
436,Android高级开发工程师-国际直播,抖音视界（北京）有限公司,北京,30000.0,不限,本科
437,Android（安卓）APP开发工程师,成都智煜云科技有限公司,成都,12000.0,3-5年,大专
438,安卓android开发工程师,四川吾品溯源电子商务有限公司,成都,6000.0,3-5年,大专
439,安卓android开发工程师,广州均欣科技有限公司,广州,8000.0,3-5年,本科
440,安卓android开发工程师,广东速狐信息科技有限公司,广州,10000.0,3-5年,本科
441,安卓android开发工程师,河南优臻交通科技有限公司,郑州,15000.0,3-5年,本科
442,安卓android开发工程师（日本岗位、汉语环境）,フュ`テック株式会社,北京,25000.0,不限,本科
443,安卓/Android开发工程师,成都小象科技有限公司,成都,5000.0,不限,大专
444,安卓android开发工程师,华为技术有限公司,深圳,15000.0,3-5年,本科
445,安卓android开发工程师,广州美街电子商务有限公司,广州,7000.0,1-3年,大专
446,安卓android开发工程师,北京数联领航网络科技有限公司,北京,12000.0,3-5年,本科
447,安卓android开发工程师,四川蜀天联络科技有限公司,成都,10000.0,3-5年,本科
448,安卓android开发工程师,上海红增信息技术有限公司,上海,12000.0,3-5年,大专
449,安卓android开发工程师,上海微创软件股份有限公司,上海,20000.0,5-10年,本科
