,岗位,企业,城市,薪资,经验,学历
0,python开发工程师,云孚科技（北京）有限公司,哈尔滨,8000,不限,本科
1,python开发工程师,广东美亚旅游科技集团股份有限公司,广州,12000,3-5年,本科
2,python开发工程师,深圳市同和信息技术有限公司,深圳,16000,5-10年,本科
3,python开发工程师,达而观信息科技（上海）有限公司,上海,12000,1-3年,本科
4,Python开发工程师,志诺维思（北京）基因科技有限公司,北京,15000,不限,本科
5,python开发工程师,北京星尘纪元智能科技有限公司,北京,10000,1-3年,本科
6,python开发工程师,加绩（上海）科技服务有限公司,上海,18000,3-5年,大专
7,python开发工程师,贝壳找房（北京）科技有限公司,北京,20000,3-5年,本科
8,Python开发工程师,深圳微众信用科技股份有限公司,深圳,15000,3-5年,本科
9,python开发工程师,达而观信息科技（上海）有限公司,上海,15000,3-5年,本科
10,python开发工程师,苏州卓曜智能科技有限公司,苏州,9000,3-5年,本科
11,python开发工程师,深圳市睿服科技有限公司,深圳,14000,3-5年,本科
12,python工程师,北京一点网聚信息技术有限公司,北京,30000,5-10年,本科
13,python开发工程师,温州银行股份有限公司,温州,13000,3-5年,本科
14,python开发工程师,深圳市言羽科技有限公司,上海,20000,不限,本科
15,python开发,深圳市睿服科技有限公司,深圳,12000,3-5年,本科
16,python开发工程师,深圳市脉山龙信息技术股份有限公司,深圳,13000,1-3年,大专
17,python开发工程师,翰竺科技（北京）有限公司,深圳,10000,3-5年,本科
18,python开发工程师,普华永道商务服务（成都）有限公司,广州,12000,1-3年,本科
19,Python开发工程师,志诺维思（北京）基因科技有限公司,北京,15000,不限,本科
20,python开发工程师,加绩（上海）科技服务有限公司,上海,18000,3-5年,大专
21,python开发工程师,达而观信息科技（上海）有限公司,上海,15000,3-5年,本科
22,python开发工程师,波克科技股份有限公司,上海,18000,3-5年,本科
23,Python开发工程师,浙江保融科技股份有限公司,杭州,11000,3-5年,本科
24,Python开发工程师,上海弘连网络科技有限公司,杭州,10000,1-3年,本科
25,Python开发工程师,深圳微众信用科技股份有限公司,深圳,15000,3-5年,本科
26,python工程师,北京一点网聚信息技术有限公司,北京,30000,5-10年,本科
27,python开发工程师,温州银行股份有限公司,温州,13000,3-5年,本科
28,python开发工程师,北京睿智思科科技发展有限公司,北京,7000,不限,本科
29,Python开发工程师,云孚科技（北京）有限公司,北京,10000,不限,本科
30,python开发工程师,北京睿智思科科技发展有限公司,北京,7000,不限,本科
31,python开发工程师,深圳市言羽科技有限公司,上海,20000,不限,本科
32,python开发工程师,上海晓途网络科技有限公司,上海,20000,5-10年,本科
33,python开发工程师,上海弘连网络科技有限公司,上海,10000,1-3年,本科
34,Python开发工程师,因诺（上海）资产管理有限公司,北京,20000,1-3年,本科
35,python开发工程师,成都思而科软件有限公司,成都,12000,3-5年,本科
36,python工程师,广东省电信规划设计院有限公司,广州,8000,1-3年,本科
37,python开发工程师,广东美亚旅游科技集团股份有限公司,广州,12000,3-5年,本科
38,python开发工程师,友邦资讯科技（广州）有限公司,广州,15000,5-10年,本科
39,Python开发工程师,志诺维思（北京）基因科技有限公司,北京,15000,不限,本科
40,python开发工程师,加绩（上海）科技服务有限公司,上海,15000,3-5年,本科
41,python开发工程师,波克科技股份有限公司,上海,18000,3-5年,本科
42,python开发工程师,杭州米链科技有限公司,杭州,15000,3-5年,本科
43,Python开发工程师,浙江保融科技股份有限公司,杭州,11000,3-5年,本科
44,Python开发工程师,深圳微众信用科技股份有限公司,深圳,15000,3-5年,本科
45,python开发工程师,达而观信息科技（上海）有限公司,上海,15000,3-5年,本科
46,python开发工程师,北京志翔科技股份有限公司,北京,20000,3-5年,本科
47,python开发工程师,奇点浩翰数据技术（北京）有限公司,北京,15000,3-5年,本科
48,Python开发工程师,云孚科技（北京）有限公司,北京,10000,不限,本科
49,python开发工程师,四川汉科计算机信息技术有限公司,成都,10000,3-5年,本科
50,python开发工程师,北京热刺激光技术有限责任公司,北京,15000,3-5年,本科
51,python开发工程师,中国民航信息网络股份有限公司重庆分公司,重庆,5000,1-3年,本科
52,python开发工程师,达而观信息科技（上海）有限公司,上海,15000,1-3年,本科
53,python主讲老师,网易（杭州）网络有限公司,北京,15000,3-5年,本科
54,宝马对话AI-项目高级工程师-Python/GO(A73030),上海茗日智能科技有限公司,北京,16000,5-10年,本科
55,python后端开发工程师,深圳壹木航科技有限公司,深圳,12000,1-3年,本科
56,Python开发工程师 (MJ000537),上海域起网络科技有限公司,上海,20000,3-5年,本科
57,Python技术管培生,中山华定科技有限公司,中山,5000,不限,不限
58,高级python开发工程师,深圳软牛科技有限公司,深圳,15000,3-5年,本科
59,python后端开发工程师,上海微创软件股份有限公司,苏州,11000,1-3年,本科
60,python爬虫工程师-高级,北京罗格数据科技有限公司,北京,40000,5-10年,本科
61,苏州python开发工程师,达而观信息科技（上海）有限公司,苏州,12000,1-3年,本科
62,Python 实习生,广州爱范儿科技股份有限公司,广州,3000,不限,本科
63,python后端开发工程师,深圳市脉山龙信息技术股份有限公司,深圳,10000,3-5年,本科
64,Python图形开发工程师,上海微创软件股份有限公司,苏州,15000,3-5年,本科
65,python开发工程师（包2餐，证券项目稳定，加班少）,深圳市睿服科技有限公司,深圳,15000,3-5年,本科
66,上海Python后端高级开发工程师,达而观信息科技（上海）有限公司,上海,20000,3-5年,本科
67,python数据开发工程师,上海仲阳天王星数据科技有限公司,成都,15000,不限,本科
68,Python系统开发工程师,上海仲阳天王星数据科技有限公司,深圳,15000,不限,本科
69,知识图谱开发工程师（Python）,证通股份有限公司,上海,15000,1-3年,本科
70,Python实习生,北京中软国际教育科技股份有限公司,西安,6000,不限,大专
71,Python开发交付工程师,浙江保融科技股份有限公司,杭州,13000,3-5年,本科
72,自动化测试工程师（web、接口自动化；python/java）,上海亘岩网络科技有限公司,上海,15000,3-5年,本科
73,后端开发工程师（python方向）,广州凌隆网络科技有限公司,广州,8000,1-3年,本科
74,python开发工程师(2023届应届毕业生),因诺（上海）资产管理有限公司,北京,15000,不限,本科
75,Python系统开发工程师,上海仲阳天王星数据科技有限公司,成都,15000,不限,本科
76,Python系统开发工程师,上海仲阳天王星数据科技有限公司,深圳,15000,不限,本科
77,运维开发工程师（python/go）,富途网络科技（深圳）有限公司,深圳,15000,3-5年,本科
78,客户端开发工程师（python) (MJ000040),深圳淘乐网络科技有限公司,深圳,10000,1-3年,本科
79,Python开发工程师（FUNC 平台）,上海观测未来信息技术有限公司,上海,13000,不限,本科
80,python高级开发工程师,深圳市言羽科技有限公司,北京,30000,1-3年,本科
81,python高级开发工程师,智库人工智能科技（广州）有限公司,广州,15000,3-5年,本科
82,高级python开发工程师,上海晓途网络科技有限公司,上海,20000,5-10年,本科
83,python工程师（兼职）,美译通（深圳）翻译有限公司,深圳,2000,不限,硕士
84,高级python,达而观信息科技（上海）有限公司,上海,15000,3-5年,本科
85,Python高级（SG0303）,长沙蜜獾信息科技有限公司,长沙,10000,3-5年,本科
86,宝马对话AI-项目高级工程师-Python/GO(A73030),上海茗日智能科技有限公司,北京,16000,5-10年,本科
87,python开发工程师（急招，周末双休）,京北方信息技术股份有限公司,北京,16000,3-5年,本科
88,服务器python开发工程师 (MJ000101),深圳淘乐网络科技有限公司,深圳,15000,3-5年,本科
89,高级python开发工程师,深圳软牛科技有限公司,深圳,15000,3-5年,本科
90,高级python,达而观信息科技（上海）有限公司,上海,15000,3-5年,本科
91,Python高级（SG0303）,长沙蜜獾信息科技有限公司,长沙,10000,3-5年,本科
92,核心业务-后端工程师-Python-实习(A34060),上海茗日智能科技有限公司,北京,2000,不限,本科
93,宝马对话AI-后端工程师-Python(A205501),上海茗日智能科技有限公司,北京,11000,1-3年,本科
94,服务器python开发工程师 (MJ000101),深圳淘乐网络科技有限公司,深圳,15000,3-5年,本科
95,游戏数据分析师（熟悉python）,德科信息有限公司,广州,10000,1-3年,本科
96,Python 开发工程师,广州爱范儿科技股份有限公司,广州,20000,3-5年,本科
97,Python 开发工程师,广州爱范儿科技股份有限公司,广州,10000,1-3年,本科
98,Python开发实习生,广东赛博威信息科技有限公司,广州,3000,不限,本科
99,python运维开发工程师,江苏博云科技股份有限公司,南京,6000,不限,本科
100,Python中级（SA0302）,长沙蜜獾信息科技有限公司,长沙,12000,3-5年,本科
101,python资深软件工程师,维我软件（上海）有限公司,北京,35000,10年以上,本科
102,中级python开发 (MJ000065),赞同科技股份有限公司,广州,10000,1-3年,大专
103,python数据开发工程师,上海仲阳天王星数据科技有限公司,深圳,15000,不限,本科
104,python数据开发工程师,上海仲阳天王星数据科技有限公司,上海,15000,不限,本科
105,中级python开发工程师,北京中北信科技发展有限公司,北京,15000,3-5年,大专
106,python资深软件工程师,维我软件（上海）有限公司,北京,35000,10年以上,本科
107,中级python开发 (MJ000065),赞同科技股份有限公司,广州,10000,1-3年,大专
108,Python系统开发工程师,上海仲阳天王星数据科技有限公司,上海,15000,不限,本科
109,Python系统开发工程师,上海仲阳天王星数据科技有限公司,深圳,15000,不限,本科
110,高级python开发工程师,证通股份有限公司,上海,20000,3-5年,硕士
111,Python开发工程师（RPA业务部）,浙江保融科技股份有限公司,杭州,15000,3-5年,本科
112,Python开发交付工程师,浙江保融科技股份有限公司,杭州,13000,3-5年,本科
113,深圳python开发工程师,达而观信息科技（上海）有限公司,深圳,15000,1-3年,本科
114,后端研发工程师(Python)(JB79P),上海茗日智能科技有限公司,上海,12000,1-3年,本科
115,运维开发工程师(python),鲸灵云（杭州）智能有限公司,杭州,17000,5-10年,本科
116,python数据分析经理,北京志翔科技股份有限公司,北京,25000,3-5年,本科
117,python后端开发工程师,加绩（上海）科技服务有限公司,上海,15000,3-5年,本科
118,软件开发python/c++/c/java,华为技术有限公司,苏州,15000,3-5年,本科
119,Python研发工程师(JD52V),多点生活（中国）数字科技有限公司,成都,15000,3-5年,本科
120,python高级开发工程师,深圳铸泰科技有限公司,深圳,15000,3-5年,本科
121,python后端开发工程师,广州探迹科技有限公司,广州,20000,3-5年,本科
122,python后端,上海贞历网络科技有限公司,上海,15000,1-3年,本科
123,python后端开发工程师,深圳壹木航科技有限公司,深圳,12000,1-3年,本科
124,宝马对话AI-后端工程师-Python(A205501),上海茗日智能科技有限公司,北京,11000,1-3年,本科
125,Python开发工程师 (MJ000537),上海域起网络科技有限公司,上海,20000,3-5年,本科
126,python开发工程师（上海）,北京中北信科技发展有限公司,上海,10000,1-3年,本科
127,Python技术管培生,中山华定科技有限公司,中山,5000,不限,不限
128,python高级工程师-信息安全,卫盈联信息技术（深圳）有限公司,深圳,20000,3-5年,本科
129,python爬虫工程师,深圳金蝶账无忧网络科技有限公司,深圳,10000,1-3年,本科
130,Python 实习生,广州爱范儿科技股份有限公司,广州,3000,不限,本科
131,高级python开发工程师,上海微创软件股份有限公司,北京,20000,3-5年,本科
132,python开发工程师（包早中餐）,深圳市睿服科技有限公司,深圳,15000,3-5年,大专
133,Python图形开发工程师,上海微创软件股份有限公司,苏州,15000,3-5年,本科
134,Python中级（SA0302）,长沙蜜獾信息科技有限公司,长沙,12000,3-5年,本科
135,python开发工程师（证券双休包两餐）,深圳市睿服科技有限公司,深圳,14000,3-5年,大专
136,Python 后端工程师,爱客科技（深圳）有限公司,深圳,20000,3-5年,本科
137,中级python开发工程师,北京中北信科技发展有限公司,北京,15000,3-5年,大专
138,python后端开发工程师,成都俊云科技有限公司,成都,17000,5-10年,本科
139,python高级后端开发工程师,维我软件（上海）有限公司,北京,30000,5-10年,本科
140,高级python开发工程师,证通股份有限公司,上海,20000,3-5年,硕士
141,python开发工程师 (MJ005637),广州希音供应链管理有限公司,深圳,20000,3-5年,本科
142,后端开发工程师 (Python | 应用开发 | SH)(J979P),上海茗日智能科技有限公司,上海,12000,1-3年,本科
143,宝马对话AI | 后端开发Python工程师(J779P),上海茗日智能科技有限公司,北京,12000,1-3年,本科
144,运维开发工程师(python),鲸灵云（杭州）智能有限公司,杭州,17000,5-10年,本科
145,python后端开发工程师,加绩（上海）科技服务有限公司,上海,15000,3-5年,本科
146,python后端开发工程师,成都卡社诺网络技术有限责任公司,成都,25000,5-10年,本科
147,python爬虫工程师,深圳市乐思软件技术有限公司,深圳,9000,1-3年,本科
148,python数据分析师,北京志翔科技股份有限公司,北京,15000,不限,本科
149,测试工程师（python）,西安人瑞网络科技有限公司,南京,10000,1-3年,本科
150,python后端开发工程师,加绩（上海）科技服务有限公司,上海,15000,3-5年,本科
151,Python量化工程师,北京同道大象科技有限公司,北京,20000,3-5年,本科
152,软件开发python/c++/c/java,华为技术有限公司,苏州,15000,3-5年,本科
153,技术经理/总监（Java/PHP/python ）,广东保椿养老产业集团股份有限公司,广州,20000,5-10年,本科
154,ERP实施顾问(Python开发),成都普赛睿生物医药科技有限公司,成都,8000,1-3年,本科
155,高级python开发工程师,普华永道商务服务（成都）有限公司,成都,12000,3-5年,本科
156,运维开发工程师（python/go）,富途网络科技（深圳）有限公司,深圳,15000,3-5年,本科
157,Python/Odoo高级开发工程师G00850,深圳市雨禾伟业实业有限公司,深圳,20000,5-10年,本科
158,Python后端开发,上海观测未来信息技术有限公司,上海,13000,1-3年,大专
159,python中高级后端开发工程师,维我软件（上海）有限公司,北京,25000,5-10年,本科
160,Python开发工程师（FUNC 平台）,上海观测未来信息技术有限公司,上海,13000,不限,本科
161,Python 研发工程师,抖音视界（北京）有限公司,北京,30000,不限,本科
162,高级云平台开发工程师（go python）,北京趣拿软件科技有限公司,北京,30000,5-10年,本科
163,中高级python开发工程师,广州优路网络科技有限公司,广州,13000,3-5年,本科
164,python开发工程师（百度）,上海微创软件股份有限公司,北京,14000,1-3年,本科
165,高级python开发工程师,圆通速递有限公司,杭州,22000,5-10年,本科
166,c++/java/python/go开发工程师,北京外企德科人力资源服务上海有限公司,深圳,20000,不限,本科
167,武汉一JAVA/JS/C/C++/Python/go/测试,北京外企德科人力资源服务上海有限公司,武汉,15000,不限,本科
168,python后端开发工程师,科锐尔人力资源服务（苏州）有限公司,深圳,20000,不限,本科
169,Python/SQL/Tableau Data Analyst,万宝盛华企业管理咨询（上海）有限公司,上海,20000,3-5年,本科
170,java/python/web前端开发工程师,科锐尔人力资源服务（苏州）有限公司,深圳,20000,不限,本科
171,python后端开发工程师,张家港市汇智人力资源有限公司,北京,30000,不限,本科
172,python开发,奇安信科技集团股份有限公司,上海,15000,1-3年,本科
173,python工程师,深圳市悦保科技有限公司,深圳,12000,3-5年,本科
174,python开发,河南小角牛食品有限公司,安阳,10000,在校/应届,本科
175,python开发,上海张江发展战略研究院,上海,6000,1年以下,本科
176,python,英赛得人才顾问（武汉）有限公司,杭州,10000,1-3年,本科
177,python开发,深圳市同和信息技术有限公司,上海,12000,3-5年,本科
178,python开发工程师,华为技术有限公司,西安,15000,不限,本科
179,python开发工程师,北京汉迪移动互联网科技股份有限公司,北京,15000,不限,本科
180,c/c++，java，python、测试，js,北京外企德科人力资源服务上海有限公司,上海,18000,不限,本科
181,c/c++，java，js，python、go通用软件开发工程师,北京外企德科人力资源服务上海有限公司,深圳,15000,不限,本科
182,软件开发工程师（python）,科锐尔人力资源服务（苏州）有限公司,西安,18000,不限,本科
183,java/Python/web开发工程师,科锐尔人力资源服务（苏州）有限公司,西安,15000,不限,本科
184,python开发工程师,上海泛微网络科技股份有限公司,上海,11000,1-3年,本科
185,python开发工程师,北京码博科技有限公司,北京,13000,1-3年,本科
186,python开发工程师,成都兴能金通科技有限公司,成都,15000,3-5年,大专
187,python开发工程师,北京码博科技有限公司,北京,10000,1-3年,本科
188,Python后端研发工程师（财富管理方向）,富途网络科技（深圳）有限公司,深圳,20000,3-5年,本科
189,python开发,北京卓伯咨询有限公司,宁波,13000,不限,本科
190,Python开发工程师,华为技术有限公司,西安,15000,不限,本科
191,python工程师,北京迈迪培尔信息技术有限公司,北京,6000,不限,本科
192,python工程师,宁波思艾特软件有限公司,成都,9000,1-3年,本科
193,python开发工程师,大连华信计算机技术股份有限公司,西安,12000,3-5年,本科
194,python开发工程师,京北方信息技术股份有限公司,上海,16000,不限,本科
195,软件开发工程师 (java c++ Python）,北京外企德科人力资源服务上海有限公司,深圳,15000,不限,本科
196,Java/前端/Python/C/C++/Go/测试等开发岗,北京外企德科人力资源服务上海有限公司,上海,16000,不限,本科
197,java/python/web前端开发工程师,科锐尔人力资源服务（苏州）有限公司,深圳,20000,不限,本科
198,python开发工程师,京北方信息技术股份有限公司,上海,16000,不限,本科
199,python开发工程师,陕西科锐尔人力资源服务有限公司,北京,15000,5-10年,本科
200,python工程师,北京联龙博通电子商务技术有限公司,北京,15000,3-5年,本科
201,python开发工程师,深圳市嘉信福实业集团有限公司,深圳,20000,5-10年,本科
202,Python工程师,北京新火科技有限公司,北京,8000,不限,本科
203,Python开发,成都优声科技有限公司,北京,15000,3-5年,本科
204,python,武汉飞脉科技有限责任公司,武汉,8000,1-3年,大专
205,python开发工程师,威廉欧奈尔信息科技（上海）有限公司,上海,12000,1-3年,本科
206,python开发工程师,北京维太格科技有限公司,北京,15000,不限,本科
207,python工程师,深圳和润达科技有限公司,深圳,25000,3-5年,本科
208,Python开发工程师,杭州半云科技有限公司,福州,10000,1-3年,本科
209,python开发工程师,贵阳高登世德金融科技有限公司,贵阳,10000,3-5年,本科
210,软件开发（Java、C++、Python）,北京外企德科人力资源服务上海有限公司,深圳,15000,不限,本科
211,java/python/c/c++/前端开发/软件测试,北京外企德科人力资源服务上海有限公司,成都,15000,不限,本科
212,python开发工程师,中软国际科技服务有限公司,西安,9000,1-3年,本科
213,python开发工程师,中软国际科技服务有限公司,西安,15000,不限,本科
214,python工程师,北京蓝色脉动科技有限责任公司,北京,8000,在校/应届,本科
215,python开发工程师,信必优（深圳）信息技术有限公司,广州,10000,1-3年,本科
216,python开发工程师,源杉数据科技（上海）有限公司,上海,15000,3-5年,本科
217,python开发,北京安技汇科技有限公司,北京,15000,3-5年,不限
218,python开发工程师,万博时代（深圳）科技有限公司,深圳,15000,3-5年,大专
219,python开发工程师,广州市信创电子科技有限公司,北京,50000,5-10年,本科
220,python开发工程师,广州天锐医健信息科技有限公司,广州,9000,1-3年,大专
221,python开发工程师,济南晓邻网络科技有限公司,济南,8000,1-3年,本科
222,python开发工程师,北京神州云合数据科技发展有限公司,南京,10000,5-10年,本科
223,python开发工程师,宁波平方和投资管理合伙企业（有限合伙）,北京,15000,不限,本科
224,python开发工程师,山东慧诚数字科技集团有限公司,济南,13000,3-5年,本科
225,Java/C/C++/Python/测试/运维,北京外企德科人力资源服务上海有限公司,上海,15000,不限,本科
226,Java/前端/python/c++/c/测试,北京外企德科人力资源服务上海有限公司,西安,15000,不限,本科
227,python开发工程师,中软国际科技服务有限公司,深圳,10000,1-3年,本科
228,python开发工程师,中软国际科技服务有限公司,武汉,10000,1-3年,本科
229,python开发工程师,深圳一科互联有限公司,深圳,10000,3-5年,大专
230,python开发,陌壳（上海）网络科技有限公司,昆明,10000,3-5年,本科
231,python开发工程师,京北方信息技术股份有限公司,广州,15000,3-5年,本科
232,python,西安英荟烁企业管理咨询所,北京,15000,不限,不限
233,python,西安英荟烁企业管理咨询所,广州,15000,不限,大专
234,Python开发,北京时空立方数字科技有限公司,广州,10000,1-3年,本科
235,Python开发工程师,华为技术有限公司,深圳,10000,不限,本科
236,python开发工程师,北京微财科技有限公司,北京,25000,1年以下,硕士
237,python开发工程师,观源（上海）科技有限公司,上海,12000,1-3年,本科
238,python开发工程师,深圳市同和信息技术有限公司,深圳,14000,3-5年,大专
239,python开发工程师,上海泛微网络科技股份有限公司,上海,18000,1-3年,本科
240,武汉一JAVA/JS/C/C++/Python/go/测试,北京外企德科人力资源服务上海有限公司,武汉,15000,不限,本科
241,c/c++，java，js，python、go通用软件开发工程师,北京外企德科人力资源服务上海有限公司,深圳,15000,不限,本科
242,python开发工程师,上海泛微网络科技股份有限公司,上海,18000,1-3年,本科
243,python开发工程师,在线途游（北京）科技有限公司,北京,18000,不限,本科
244,python开发工程师,在线途游（北京）科技有限公司,北京,20000,3-5年,本科
245,python开发工程师,华为技术有限公司,深圳,15000,3-5年,本科
246,python工程师,北京万界数据科技有限责任公司,武汉,10000,1-3年,本科
247,python开发工程师,深圳市长亮科技股份有限公司,深圳,13000,3-5年,本科
248,Python开发工程师,南方报业传媒集团,广州,20000,不限,本科
249,python开发工程师,北京华为数字技术有限公司,西安,15000,不限,本科
250,Python,北京瑞联网络科技有限公司,成都,10000,1-3年,大专
251,python开发工程师,北京游道易网络文化有限公司,上海,15000,1-3年,本科
252,python开发工程师,四川凯普顿信息技术股份有限公司,成都,18000,3-5年,本科
253,python开发工程师,北京瑞联网络科技有限公司,成都,10000,不限,大专
254,python工程师,宁波思艾特软件有限公司,宁波,9000,1-3年,本科
255,C/C++/JAVA/GO/JS/Python软件开发工程师,北京外企德科人力资源服务上海有限公司,深圳,18000,不限,本科
256,Java/前端/Python/C/C++/Go/测试等开发岗,北京外企德科人力资源服务上海有限公司,上海,16000,不限,本科
257,python开发工程师,软通动力技术服务有限公司北京分公司,南京,10000,1-3年,本科
258,python工程师,成都安科创信科技有限公司,成都,9000,1-3年,大专
259,python开发工程师,上海指南车数据科技有限公司,上海,15000,1-3年,本科
260,python,成都中云天下科技有限公司,成都,12000,1-3年,本科
261,python开发工程师,中软国际科技服务有限公司,武汉,10000,1-3年,本科
262,python,龙岩市宏景信息科技有限公司,龙岩,7000,3-5年,不限
263,python开发工程师,上海犀语科技有限公司,上海,8000,1-3年,本科
264,python开发工程师,湖北若火科技有限公司,北京,15000,3-5年,本科
265,python开发工程师,北京优解未来科技有限公司,北京,20000,5-10年,本科
266,python开发,深圳新致软件有限公司,深圳,15000,3-5年,本科
267,Python开发,四川众航信息科技有限公司,南京,10000,1-3年,大专
268,python开发工程师,广州赛意信息科技股份有限公司,广州,9000,1-3年,大专
269,python开发工程师,泰坦科技（深圳）有限公司,深圳,15000,3-5年,本科
270,"各语言开发工程师（Java，c,c++,python,oc,go等等）",北京外企德科人力资源服务上海有限公司,上海,15000,不限,本科
271,c++/java/python/算法工程/前端工程师(六险一金，双休),北京外企德科人力资源服务上海有限公司,武汉,15000,不限,本科
272,python开发工程师,重庆康洲大数据（集团）有限公司,重庆,5000,1-3年,大专
273,python开发工程师,深圳市言羽科技有限公司,上海,15000,在校/应届,本科
274,python开发工程师,深圳佰特创新科技有限公司,深圳,12000,3-5年,本科
275,python开发工程师,北京优解未来科技有限公司,北京,20000,3-5年,本科
276,Python开发工程师,山东汇智电力科技有限公司,济南,8000,1-3年,本科
277,python开发工程师,杭州代码狗科技有限公司,杭州,5000,不限,本科
278,Python开发,深圳华秋电子有限公司,上海,15000,3-5年,本科
279,Python开发工程师,大连允执科技有限公司,大连,8000,3-5年,不限
280,python开发工程师,杭州五色云网络技术有限公司,杭州,12000,不限,本科
281,python开发工程师,北京人民在线网络有限公司,北京,15000,1-3年,本科
282,python开发工程师,华为技术有限公司,西安,15000,不限,本科
283,python开发工程师,深圳市血之缘医疗科技有限公司,深圳,18000,3-5年,本科
284,python开发工程师,苏州智泰腾迪信息科技有限公司,苏州,13000,1-3年,大专
285,Java/python/c++/c/js/开发/测试（全国）,北京外企德科人力资源服务上海有限公司,成都,15000,不限,本科
286,java/c/c++/python/go/js/web/测试/软件开发/双休,北京外企德科人力资源服务上海有限公司,成都,16000,不限,本科
287,python开发工程师,苏州智泰腾迪信息科技有限公司,苏州,13000,1-3年,大专
288,python工程师,广州一张满减券科技有限公司,深圳,7000,不限,不限
289,python开发工程师,友邦资讯科技（广州）有限公司,成都,9000,1-3年,本科
290,python开发工程师,北京忐忐科技有限公司,北京,18000,5-10年,本科
291,python开发,武汉海岸跃动网络科技有限公司,武汉,8000,3-5年,本科
292,python开发工程师,西安华为技术有限公司,西安,15000,不限,本科
293,python开发工程师,深圳米倪网络科技信息有限公司,深圳,15000,3-5年,本科
294,python开发工程师,中国科学院自动化研究所,北京,20000,1-3年,硕士
295,python开发工程师,上海量讯物联电子商务有限公司,上海,11000,1-3年,本科
296,python开发工程师,广州发业信息科技有限公司,广州,15000,3-5年,本科
297,python开发工程师,百姓网股份有限公司,上海,20000,1-3年,本科
298,python开发工程师,广州云纳信息科技有限公司,广州,5000,1-3年,大专
299,python开发工程师,河南臻宇科技有限公司,郑州,10000,3-5年,本科
300,Java/python/web/c/c++/js/go/测试/安卓,北京外企德科人力资源服务上海有限公司,西安,15000,不限,本科
301,Java/C/Python工程师+14-16薪,北京外企德科人力资源服务上海有限公司,成都,12000,不限,本科
302,python开发工程师,广州南田互联网科技有限公司,广州,10000,1-3年,本科
303,python开发工程师,北京威力强化科技有限公司,北京,18000,3-5年,本科
304,python开发工程师,杭州N星智能科技有限公司,杭州,12000,1-3年,本科
305,python开发工程师,普华汇金（山东）供应链有限公司,潍坊,8000,1-3年,本科
306,python开发工程师,广东堡塔安全技术有限公司,东莞,7000,3-5年,不限
307,python开发工程师,贵州数安智能科技有限公司,贵阳,7000,1-3年,本科
308,python开发工程师,郑州数能软件科技有限公司,郑州,2000,10年以上,本科
309,python开发工程师,郑州数能软件科技有限公司,郑州,2000,10年以上,博士
310,python开发工程师,众趣（北京）科技有限公司,北京,18000,3-5年,本科
311,python开发工程师,广州掌昆网络科技有限公司,广州,13000,3-5年,本科
312,python开发工程师,北京安全共识科技有限公司,北京,7000,在校/应届,本科
313,python开发工程师,北京恒智数科科技有限公司,北京,10000,3-5年,本科
314,python开发工程师,北京博奥瑞科技有限公司,北京,10000,1-3年,本科
315,java/c/c++/python/go/js/web/测试/软件开发/双休,北京外企德科人力资源服务上海有限公司,成都,16000,不限,本科
316,c/c++，java，js，python、go通用软件开发工程师,北京外企德科人力资源服务上海有限公司,深圳,15000,不限,本科
317,python开发工程师,北京博奥瑞科技有限公司,北京,10000,1-3年,本科
318,Python开发工程师,上海直觉信息技术有限公司,上海,8000,不限,本科
319,python开发工程师,宝牧科技（天津）有限公司,武汉,9000,1-3年,本科
320,python开发工程师,苏州赛纳吉网络咨询服务有限公司,苏州,15000,3-5年,本科
321,python开发工程师,北京云庐科技有限公司,北京,20000,3-5年,本科
322,python开发工程师,北京深言科技有限责任公司,北京,25000,3-5年,本科
323,Python开发工程师,睿云联（厦门）网络通讯技术有限公司,厦门,3000,在校/应届,本科
324,python开发,景生星月信息科技（北京）有限公司,北京,4000,在校/应届,本科
325,python开发工程师,深圳市惠群商业数据技术有限公司,深圳,7000,在校/应届,本科
326,python开发工程师,成都思而科软件有限公司,成都,3000,在校/应届,本科
327,python开发工程师,奇点浩翰数据技术（北京）有限公司,北京,3000,在校/应届,本科
328,python开发工程师,奇点浩翰数据技术（北京）有限公司,上海,3000,在校/应届,本科
329,python开发工程师,北京华美汉盛信息技术有限公司,北京,7000,在校/应届,本科
330,Java/C/C++/Python/测试/运维,北京外企德科人力资源服务上海有限公司,上海,15000,不限,本科
331,Java/前端/python/c++/c/测试,北京外企德科人力资源服务上海有限公司,西安,15000,不限,本科
332,python开发工程师,北京华美汉盛信息技术有限公司,北京,7000,在校/应届,本科
333,python开发工程师,杭州问点事信息技术有限公司,杭州,4000,在校/应届,本科
334,python开发工程师,成都运荔枝科技有限公司,成都,10000,5-10年,大专
335,python开发工程师,远江盛邦（北京）网络安全科技股份有限公司,西安,8000,在校/应届,本科
336,Python开发工程师,广州易度网络信息有限公司,广州,10000,1-3年,本科
337,python开发工程师,上海优宁维生物科技股份有限公司,上海,17000,1-3年,本科
338,python工程师,N腾技术（深圳）有限公司,深圳,8000,在校/应届,本科
339,python开发工程师,辽宁北斗云数字科技有限公司,沈阳,5000,在校/应届,本科
340,python开发工程师,北京迈迪培尔信息技术有限公司,北京,6000,在校/应届,本科
341,python开发工程师,上海穰川信息技术有限公司,上海,15000,在校/应届,本科
342,python开发工程师,北京音娱时光科技有限公司,北京,25000,3-5年,本科
343,python开发工程师,成都了了科技有限公司,成都,5000,在校/应届,本科
344,python开发工程师,华云信息技术工程有限公司,成都,12000,3-5年,本科
345,python开发工程师（双休+五险一金全额）,北京外企德科人力资源服务上海有限公司,武汉,15000,1-3年,本科
346,通用研发c/c++/java/js/python/php/go,北京外企德科人力资源服务上海有限公司,南京,15000,不限,本科
347,python开发工程师,华云信息技术工程有限公司,成都,12000,3-5年,本科
348,python开发工程师,深圳任展管理咨询有限公司,深圳,30000,5-10年,本科
349,python,成都曦顺人力资源管理有限公司,杭州,15000,3-5年,本科
350,互联网业务-Go/Python后端开发工程师,富途网络科技（深圳）有限公司,深圳,18000,1-3年,本科
351,python工程师,北京锐仕方达人力资源集团有限公司重庆分公司,石家庄,13000,3-5年,大专
352,python开发工程师,科锐数字科技（苏州）有限公司,西安,15000,3-5年,本科
353,python开发工程师,科锐数字科技（苏州）有限公司,深圳,15000,不限,本科
354,python开发工程师,科锐尔人力资源服务（苏州）有限公司,深圳,20000,3-5年,本科
355,python开发工程师,上海睿资达企业管理咨询有限公司,北京,20000,不限,本科
356,python开发工程师,先路（北京）咨询有限公司,成都,15000,不限,本科
357,python开发工程师,先路（北京）咨询有限公司,成都,15000,3-5年,本科
358,python开发工程师,陕西科锐尔人力资源服务有限公司,东莞,13000,3-5年,本科
359,python开发工程师,科锐尔人力资源服务（苏州）有限公司,深圳,20000,不限,本科
360,C++/C/Java/Python/GO开发工程师,北京外企德科人力资源服务上海有限公司,深圳,17000,不限,本科
361,python开发工程师,北京外企德科人力资源服务上海有限公司,东莞,14000,不限,本科
362,python开发工程师,科锐数字科技（苏州）有限公司,深圳,13000,不限,本科
363,python开发工程师,陕西科锐尔人力资源服务有限公司,武汉,15000,1-3年,本科
364,python开发工程师,陕西科锐尔人力资源服务有限公司,深圳,15000,1-3年,本科
365,python开发工程师,先路（北京）咨询有限公司,广州,20000,5-10年,本科
366,python开发工程师,苏州赤兔企业管理有限公司,北京,40000,3-5年,本科
367,python开发工程师,成都科之锐人力资源服务有限公司,深圳,19000,1-3年,本科
368,python开发,艾利安人才服务（上海）有限公司,上海,12000,1-3年,本科
369,python开发工程师,武汉康德雷格企业管理有限公司,西安,11000,3-5年,本科
370,python开发,杭州锐致商务咨询有限公司,西安,20000,1-3年,本科
371,python开发工程师,成都科之锐人力资源服务有限公司,上海,19000,1-3年,本科
372,python开发工程师,恩斯特无锡企业管理咨询有限公司,北京,35000,不限,本科
373,python开发工程师,恩斯特无锡企业管理咨询有限公司,北京,30000,不限,本科
374,python开发工程师,科锐数字科技（苏州）有限公司,西安,16000,不限,本科
375,python开发工程师,北京外企德科人力资源服务上海有限公司,苏州,15000,不限,本科
376,python开发工程师,北京外企德科人力资源服务上海有限公司,武汉,14000,不限,本科
377,python开发工程师,陕西科锐尔人力资源服务有限公司,西安,10000,不限,大专
378,python开发工程师,成都科之锐人力资源服务有限公司,深圳,15000,1-3年,本科
379,python开发工程师,成都科之锐人力资源服务有限公司,上海,20000,1-3年,本科
380,python开发工程师,科锐数字科技（苏州）有限公司,西安,20000,不限,本科
381,python工程师,埃摩森网络科技（上海）有限公司,无锡,15000,不限,本科
382,python开发工程师,武汉尚仕杰企业管理顾问有限公司,苏州,20000,不限,本科
383,python开发工程师,上海睿资达企业管理咨询有限公司,北京,40000,不限,本科
384,python开发工程师,陕西科锐尔人力资源服务有限公司,西安,20000,3-5年,本科
385,python,湖北添楚瀚才传媒有限公司,北京,17000,3-5年,本科
386,python开发工程师,上海睿资达企业管理咨询有限公司,上海,25000,3-5年,硕士
387,python开发工程师,上海仕进信息科技有限公司,上海,28000,5-10年,本科
388,高级python开发工程师,江苏虫洞电子商务有限公司,杭州,15000,1-3年,本科
389,Python开发实习生,成都亚然科技中心,成都,4000,不限,大专
390,python开发工程师,北京外企德科人力资源服务上海有限公司,武汉,15000,不限,本科
391,python开发工程师,北京外企德科人力资源服务上海有限公司,深圳,20000,3-5年,本科
392,python后端开发工程师,广州比高网络科技有限公司,广州,10000,1-3年,本科
393,python爬虫工程师,广州比高网络科技有限公司,广州,12000,1-3年,本科
394,软件开发(java/C++/C/python/前端)工程师,华为技术有限公司,成都,15000,1-3年,本科
395,python爬虫工程师,广州领匠网络科技有限公司,广州,20000,5-10年,大专
396,python开发工程师(在家办公),北京游道易网络文化有限公司,广州,15000,3-5年,本科
397,python后端开发工程师,成都炜烨科技有限公司,成都,5000,1-3年,大专
398,高级python开发工程师,上海灏程企业管理顾问有限公司,广州,20000,5-10年,本科
399,java/c++/c/python/web前端\测试,华为技术有限公司,杭州,14000,不限,本科
400,python爬虫工程师,深圳市云鹤网络科技有限公司,深圳,12000,3-5年,大专
401,Python开发工程师-北京,北京码博科技有限公司,北京,11000,1-3年,本科
402,python开发工程师 (MJ005637),广州希音供应链管理有限公司,深圳,20000,3-5年,本科
403,高级python开发工程师,深圳茂源资本资产管理有限公司,深圳,20000,3-5年,本科
404,高级python开发工程师,深圳茂源资本资产管理有限公司,深圳,20000,3-5年,本科
405,python开发工程师,北京外企德科人力资源服务上海有限公司,深圳,18000,1-3年,本科
406,python开发工程师,北京外企德科人力资源服务上海有限公司,成都,15000,不限,本科
407,java/c++/c/python/web前端\测试,华为技术有限公司,北京,14000,不限,本科
408,java/c++/c/python/web前端\测试,华为技术有限公司,上海,14000,不限,本科
409,高级python开发工程师,深圳茂源资本资产管理有限公司,深圳,20000,3-5年,本科
410,兼职python爬虫工程师,深圳市贝德汇软件有限公司,深圳,10000,不限,不限
411,软件开发工程师 Java c c++ python js,华为技术有限公司,东莞,17000,不限,本科
412,Java/python/前端/C++/C开发―南京,陕西科锐尔人力资源服务有限公司,南京,15000,不限,本科
413,python爬虫工程师,北京易百解科技有限公司,北京,15000,不限,不限
414,软件开发工程师 Java c c++ python js,华为技术有限公司,武汉,17000,不限,本科
415,python数据开发工程师,深圳市磐泷智投数据有限公司,深圳,10000,1-3年,本科
416,Python实习,北京新火科技有限公司,北京,3000,在校/应届,本科
417,Python数据工程师,深圳市磐泷智投数据有限公司,深圳,10000,1-3年,本科
418,python后端开发工程师,艾利安人才服务（上海）有限公司,北京,15000,不限,本科
419,python后端开发工程师,三星（中国）投资有限公司,北京,20000,不限,本科
420,python开发工程师,北京外企德科人力资源服务上海有限公司,武汉,15000,不限,本科
421,python开发工程师,北京外企德科人力资源服务上海有限公司,武汉,13000,不限,本科
422,java/c++/c/python/web前端\测试,华为技术有限公司,成都,14000,不限,本科
423,软件开发工程师 Java c c++ python js,华为技术有限公司,深圳,17000,不限,本科
424,Python量化开发工程师,深圳市磐泷智投数据有限公司,深圳,20000,3-5年,硕士
425,python后端开发工程师,上海晓暮网络科技有限公司,武汉,4000,在校/应届,不限
426,Python后端实习生,上海好火的科技有限公司,上海,4000,在校/应届,不限
427,Python实习生,上海好火的科技有限公司,上海,4000,在校/应届,不限
428,python爬虫工程师,杭州务新网络科技有限公司,杭州,15000,1-3年,大专
429,资深python开发工程师,威廉欧奈尔信息科技（上海）有限公司,上海,25000,3-5年,本科
430,高级python开发工程师,威廉欧奈尔信息科技（上海）有限公司,上海,25000,3-5年,本科
431,python后端实习生,上海晓暮网络科技有限公司,上海,4000,在校/应届,不限
432,python后端开发工程师,瞬联软件科技（北京）有限公司上海分公司,上海,13000,1-3年,本科
433,Python开发-23届,上海敬在信息技术有限公司,西安,5000,在校/应届,本科
434,后端算法工程师（python）,上海智臻智能网络科技股份有限公司,上海,20000,3-5年,本科
435,python开发工程师,北京外企德科人力资源服务上海有限公司,北京,20000,不限,本科
436,python开发工程师,北京外企德科人力资源服务上海有限公司,武汉,12000,1-3年,本科
437,Python实习生,上海好火的科技有限公司,上海,4000,不限,本科
438,python后端工程师,上海好火的科技有限公司,苏州,4000,在校/应届,不限
439,Python开发工程师（广州）,贵阳高登世德金融科技有限公司,广州,10000,3-5年,本科
440,Java/C++/Python//运维/C,中软国际科技服务有限公司,西安,15000,3-5年,本科
441,Java/测试/安卓/运维/C++/Python,中软国际科技服务有限公司,西安,15000,3-5年,本科
442,后端开发工程师（Python）,杭州德睿智药科技有限公司,杭州,12000,不限,本科
443,python爬虫工程师（高级）,高维互娱科技（北京）有限公司,北京,15000,3-5年,本科
444,Go/Python研发工程师,深圳永安在线科技有限公司,深圳,25000,3-5年,本科
445,python数据分析讲师,河南量子矩阵科技有限公司,郑州,8000,3-5年,本科
446,python教师,深圳乐博乐博教育科技有限公司益田分公司,深圳,6000,1年以下,大专
447,游戏开发（Lua，C++，C#，Python）,德科信息有限公司,广州,10000,不限,本科
448,网络安全研发?程师（Python）,郑州赛欧思科技有限公司,郑州,10000,3-5年,本科
449,python开发工程师(第三方,北京百度网讯科技有限公司,上海,15000,1-3年,本科
450,python开发工程师,北京外企德科人力资源服务上海有限公司,深圳,15000,1-3年,本科
451,python开发工程师,北京外企德科人力资源服务上海有限公司,武汉,15000,1-3年,本科
452,Python算法（风控业务）,中软国际科技服务有限公司,西安,10000,3-5年,本科
453,python开发工程师(第三方,北京百度网讯科技有限公司,上海,15000,1-3年,本科
454,python爬虫工程师,深圳禾略贝塔信息科技有限公司,重庆,6000,3-5年,本科
455,Python实习生,深圳市磐泷智投数据有限公司,深圳,4000,不限,本科
456,python自动化测试,南宁千禾软件技术有限公司,深圳,10000,3-5年,本科
457,python实习生,深圳市磐泷智投数据有限公司,深圳,4000,不限,本科
458,数据研发?程师（python）,郑州赛欧思科技有限公司,郑州,5000,不限,本科
459,python后端开发工程师,麦可（西安）网络科技有限公司,西安,10000,3-5年,大专
460,python爬虫工程师,湖南语亦云科技有限公司,长沙,7000,1-3年,不限
461,Go/Python后端研发工程师(J57808),百度在线网络技术（北京）有限公司,北京,25000,1-3年,本科
462,Python研发工程师(J58097),百度在线网络技术（北京）有限公司,北京,25000,1-3年,本科
463,python开发（人工智能）,南京制典网络科技有限公司,南京,10000,1-3年,大专
464,python开发实习生,达而观信息科技（上海）有限公司,上海,4000,在校/应届,本科
465,python开发工程师,北京外企德科人力资源服务上海有限公司,东莞,10000,1-3年,本科
466,python开发工程师,北京外企德科人力资源服务上海有限公司,西安,13000,1-3年,本科
467,Python开发中级工程师,北京盈科千信科技有限公司,北京,11000,1-3年,本科
468,c++/python软件工程师,之江实验室,杭州,15000,不限,硕士
469,python爬虫工程师,北京华城翻译中心有限公司,北京,11000,1-3年,本科
470,后端开发工程师（java、c/c++、python、go）,华为技术有限公司,西安,18000,不限,本科
471,python后端工程师,浙江天垂科技有限公司,杭州,15000,不限,本科
472,python后端开发工程师,深圳市布桐游戏有限公司,深圳,18000,3-5年,大专
473,java/c++/c/python/web前端\测试,华为技术有限公司,武汉,14000,不限,本科
474,python全栈开发工程师（ j53346）,百度在线网络技术（北京）有限公司,北京,30000,3-5年,本科
475,python爬虫开发,北京华城翻译中心有限公司,北京,10000,不限,本科
476,Python 数据采集,苏州零泉科技有限公司,苏州,6000,1-3年,本科
477,Python研发工程师,观源（上海）科技有限公司,上海,15000,3-5年,本科
478,python爬虫工程师,上海泛微网络科技股份有限公司,上海,15000,1-3年,本科
479,12613K-Python开发工程师,深圳平安综合金融服务有限公司,上海,20000,3-5年,本科
480,python开发工程师,北京外企德科人力资源服务上海有限公司,武汉,15000,不限,本科
481,python开发工程师,北京外企德科人力资源服务上海有限公司,深圳,16000,不限,本科
482,java/c++/c/python/web前端\测试,华为技术有限公司,南京,14000,不限,本科
483,java/c++/c/python/web前端\测试,华为技术有限公司,西安,14000,不限,本科
484,python后端开发工程师,上海循宇投资管理有限公司,上海,20000,3-5年,本科
485,python开发（周末双休、不加班）,中电金信软件有限公司,广州,15000,5-10年,本科
486,python后端开发工程师,上海蜚语信息科技有限公司,上海,15000,3-5年,本科
487,Python Developer,深圳前海智龙资本管理有限公司,深圳,15000,在校/应届,本科
488,RPA开发工程师（熟练python）,深圳市同和信息技术有限公司,深圳,11000,3-5年,大专
489,Python Engineer,久远谦长（北京）技术服务有限公司,北京,18000,3-5年,本科
490,python后端开发工程师,苏州沃时数字科技有限公司,苏州,10000,1-3年,本科
491,python测试工程师,上海清序科技有限公司,上海,10000,3-5年,本科
492,Python软件工程师,上海艾连信息技术有限公司,上海,7000,1-3年,本科
493,python后端开发工程师（ai方向）,深圳市易佰网络科技有限公司武汉分公司,武汉,12000,3-5年,本科
494,python后端开发工程师,深圳素问智能信息技术有限公司,南京,10000,1-3年,本科
495,python开发工程师,北京外企德科人力资源服务上海有限公司,西安,12000,不限,本科
496,python开发工程师,北京外企德科人力资源服务上海有限公司,北京,15000,不限,本科
497,java/c/c++/python/go/js/web/测试...,华为技术有限公司,深圳,15000,不限,本科
498,C/C++/Java/C#/Python开发工程师,华为技术有限公司,成都,15000,1-3年,本科
499,python后端工程师,深圳素问智能信息技术有限公司,深圳,10000,1-3年,本科
500,python后端开发工程师,杭州映云科技有限公司,北京,25000,3-5年,本科
501,Python开发工程师 (MJ000115),北京永信至诚科技股份有限公司,北京,10000,3-5年,本科
502,python全栈,北京游道易网络文化有限公司,北京,15000,1-3年,本科
503,python后端开发工程师,四川凯普顿信息技术股份有限公司,成都,16000,3-5年,本科
504,Python工程师（人工智能）,浙商期货有限公司,杭州,15000,不限,本科
505,python实习生（非应届生）,达而观信息科技（上海）有限公司,成都,4000,在校/应届,本科
506,Python实习生,深圳市磐泷智投数据有限公司,深圳,4000,在校/应届,本科
507,（高级）Python开发工程师,上海合合信息科技股份有限公司,上海,20000,3-5年,本科
508,Python开发(数据工程方向),奥智元科技（深圳）有限公司,深圳,15000,1-3年,本科
509,Python开发实习生,百姓网股份有限公司,上海,3000,在校/应届,本科
510,python开发工程师（双休，年终奖2-4个月）,北京外企德科人力资源服务上海有限公司,深圳,18000,不限,本科
511,c/c++，java，js，python、go通用软件开发工程师,北京外企德科人力资源服务上海有限公司,东莞,15000,不限,本科
512,c/c++，java，js，python、go通用软件开发工程师,华为技术有限公司,武汉,6000,不限,本科
513,Python后端专家（成都）,北京特拉库塔科技有限公司,成都,28000,5-10年,本科
514,Python后端专家（北京）,北京特拉库塔科技有限公司,北京,30000,5-10年,本科
515,python程序员（自动化开发）,深圳市惠群商业数据技术有限公司,深圳,7000,不限,本科
516,Technical Support/ Python开发工程师,友邦资讯科技（广州）有限公司,广州,15000,5-10年,本科
517,Python开发实习生,达而观信息科技（上海）有限公司,上海,4000,在校/应届,本科
518,python开发实习生,北京聚智国传科技有限公司,北京,3000,不限,本科
519,Python高级工程师,北京尽调云科技有限公司,北京,20000,5-10年,本科
520,python后端开发工程师,北京尽调云科技有限公司,北京,10000,1-3年,本科
521,python、C++编程老师,北京博瑞领创科技有限公司,北京,6000,不限,本科
522,python后端开发工程师,深圳市捎客转运物流有限公司,深圳,15000,5-10年,本科
523,python爬虫开发,深圳航路信息服务有限公司,深圳,8000,1-3年,大专
524,高级python开发工程师,广东赛博威信息科技有限公司,广州,12000,3-5年,本科
525,c/c++，java，js，python，go，软件测试，数据开发,北京外企德科人力资源服务上海有限公司,西安,15000,不限,本科
526,java/c/c++/python/go/js/web/测试/软件开发/双休,北京外企德科人力资源服务上海有限公司,西安,15000,不限,本科
527,高级python开发工程师,广东赛博威信息科技有限公司,广州,12000,3-5年,本科
528,python爬虫工程师,恩特科信息科技（杭州）有限责任公司,杭州,12000,1-3年,本科
529,Python数据处理工程师,广东杰纳医药科技有限公司,广州,8000,1-3年,本科
530,python数据处理工程师,广东杰纳医药科技有限公司,广州,10000,1-3年,本科
531,python后端开发工程师,泰坦科技（深圳）有限公司,深圳,15000,3-5年,本科
532,python后端开发工程师,深圳道乐科技有限公司,广州,11000,不限,本科
533,python数据开发工程师,深圳市吉迩科技有限公司,深圳,15000,3-5年,本科
534,Python技术专家,丰贺信息科技（上海）有限公司,北京,30000,5-10年,本科
535,Python工程师（欧美休闲游戏 双休 不加班）,昊盈信息技术（成都）有限公司,成都,9000,1-3年,本科
536,高级量化开发工程师(Python)【北京/杭州】,北京小龙虾科技有限公司,北京,30000,3-5年,本科
537,python爬虫工程师,昆山可圈可点信息服务有限公司,苏州,15000,3-5年,大专
538,python数据分析师英文流利周末双休,中电金信软件有限公司,广州,20000,3-5年,本科
539,福州Python开发工程师,达而观信息科技（上海）有限公司,福州,10000,1-3年,本科
540,java/c/c++/python/js/测试/运维,北京外企德科人力资源服务上海有限公司,深圳,15000,不限,本科
541,c/c++，java，js，python，go，软件测试，数据开发,北京外企德科人力资源服务上海有限公司,成都,15000,不限,本科
542,python后端开发工程师,湖南同有飞骥科技有限公司,长沙,12000,3-5年,本科
543,python后端开发工程师,北京小钉贴科技有限公司,北京,8000,3-5年,本科
544,Python开发（外包-港资-福利好）,中电金信软件有限公司,广州,15000,5-10年,本科
545,python后端开发工程师,上海趋佳信息科技有限公司,郑州,10000,1-3年,本科
546,python后端开发工程师,上海趋佳信息科技有限公司,上海,15000,3-5年,本科
547,python爬虫工程师,北京拓尔思信息技术股份有限公司,北京,9000,不限,本科
548,软件开发工程师（java/c/c++/python）,华为技术有限公司,西安,20000,3-5年,本科
549,Python游戏开发 (MJ000451),在线途游（北京）科技有限公司,北京,15000,在校/应届,本科
550,Python程序员,帆桁科技（上海）有限公司,上海,15000,3-5年,本科
551,python后端,深圳市爱砂电子商务有限公司,深圳,15000,3-5年,本科
552,python爬虫工程师,北京邦得鼎盛科技有限公司重庆分公司,重庆,4000,1-3年,本科
553,AI 算法应用工程师（c++/python）,芯算一体（深圳）科技有限公司,深圳,15000,1-3年,本科
554,python后端开发工程师,网易（杭州）网络有限公司,杭州,20000,5-10年,本科
555,c/c++，java，js，python、go通用软件开发工程师,北京外企德科人力资源服务上海有限公司,南京,15000,不限,本科
556,JAVA/前端/C/C++/Python/go开发工程师,北京外企德科人力资源服务上海有限公司,深圳,15000,不限,本科
557,python研发工程师,上海趋佳信息科技有限公司,郑州,11000,3-5年,本科
558,Python &amp; Django开发,郑州聚凡科技有限公司,郑州,8000,1-3年,本科
559,Python爬虫工程师,成都文舟快创科技有限公司,成都,15000,3-5年,大专
560,python爬虫工程师,上海亿匹特科技有限公司,上海,10000,1-3年,不限
561,Python软件工程师,北京远大恒通科技发展有限公司,北京,7000,1-3年,本科
562,Python 软件工程师,上海麓联智能科技有限公司,上海,18000,不限,本科
563,Python全栈加人工智能,宝贝乖（北京）科技有限公司,北京,20000,3-5年,本科
564,python后端开发工程师,郑州聚凡科技有限公司,郑州,8000,3-5年,本科
565,python算法工程师,欧泰普（上海）科技有限公司,上海,10000,1-3年,本科
566,高级python开发工程师,成都链安科技有限公司,成都,20000,5-10年,本科
567,中级python开发工程师,成都链安科技有限公司,成都,15000,3-5年,本科
568,python 开发工程师（ RPA方向）,畅捷通信息技术股份有限公司,北京,20000,3-5年,本科
569,Python爬虫,北京千里马网信科技有限公司,北京,15000,3-5年,大专
570,Java/C/C++/Python/JS/测试/运维,北京外企德科人力资源服务上海有限公司,武汉,15000,不限,本科
571,python爬虫工程师(年终奖2-4/周末双休，加班双倍）,北京外企德科人力资源服务上海有限公司,深圳,18000,不限,本科
572,Python爬虫,北京千里马网信科技有限公司,北京,15000,3-5年,大专
573,python爬虫工程师,北京千里马网信科技有限公司,北京,12000,3-5年,大专
574,python数据分析师,深圳市吉迩科技有限公司,深圳,15000,3-5年,本科
575,急聘Python开发工程师,杭州五色云网络技术有限公司,杭州,12000,不限,本科
576,python c++编程老师,天津童程童美科技有限公司,天津,7000,不限,本科
577,python爬虫工程师,上海易宝软件有限公司杭州分公司,杭州,11000,1-3年,本科
578,python后端工程师,杭州奎牛科技有限公司,北京,15000,3-5年,本科
579,python爬虫工程师,北京智慧星光信息技术有限公司,北京,20000,3-5年,本科
580,python软件开发工程师,上海宝莱特网络技术有限公司,上海,8000,不限,本科
581,后台开发工程师（JAVA/GO/C++/PYTHON）,华为技术有限公司,深圳,25000,1-3年,本科
582,python初级开发工程师,深圳市谷尚信息科技有限公司,深圳,10000,1-3年,本科
583,外企德科-华为云计算工程师java/c++/python,西安华为技术有限公司,西安,15000,不限,本科
584,python后端开发工程师,牧原食品股份有限公司,郑州,10000,3-5年,本科
585,c/c++，java，js，python，go，软件测试，数据开发,北京外企德科人力资源服务上海有限公司,上海,15000,不限,本科
586,c/c++，java，js，python、go通用软件开发工程师,北京外企德科人力资源服务上海有限公司,武汉,15000,不限,本科
587,python后端开发实习生,广州甲龙商业有限公司,广州,3000,在校/应届,本科
588,Python 后台开发工程师,上海媒智科技有限公司,上海,15000,3-5年,本科
589,c++ python少儿讲师,天津童程童美科技有限公司,天津,7000,不限,本科
590,Python爬虫实习生,杭州易有料科技有限公司,杭州,3000,在校/应届,本科
591,python开发 (MJ000087),武汉佰悦互娱科技有限公司,广州,20000,不限,本科
592,python开发工程师（图形算法经验）,湖南象盒网络科技有限公司,长沙,8000,3-5年,大专
593,python后端开发工程师,上海安钛飞信息技术有限公司,广州,16000,3-5年,本科
594,python后端开发工程师,广州发业信息科技有限公司,广州,8000,1-3年,本科
595,Python开发工程师（RPA开发方向）,广州发业信息科技有限公司,广州,8000,1-3年,大专
596,python数据分析,深圳市易佰网络科技有限公司武汉分公司,武汉,12000,3-5年,本科
597,python数据开发实习生,上海仲阳天王星数据科技有限公司,上海,4000,在校/应届,本科
598,python数据开发实习生,上海仲阳天王星数据科技有限公司,成都,4000,在校/应届,本科
599,python后端开发工程师,北京肉桂胡椒酱科技有限责任公司,成都,8000,1-3年,大专
600,c/c++，java，js，python，go，软件测试，数据开发,北京外企德科人力资源服务上海有限公司,深圳,15000,不限,本科
601,java/c/c++/python/js/测试/运维,北京外企德科人力资源服务上海有限公司,西安,20000,3-5年,本科
602,python数据开发实习生,上海仲阳天王星数据科技有限公司,深圳,4000,在校/应届,本科
603,python数据开发工程师,上海仲阳天王星数据科技有限公司,深圳,15000,在校/应届,本科
604,中高级python开发工程师,北京尚思源农业科技开发有限公司,天津,11000,3-5年,本科
605,python开发工程师（五险一金双休）,上海安钛飞信息技术有限公司,广州,12000,3-5年,大专
606,Python Data Engineer,普华永道信息技术（上海）有限公司,上海,12000,不限,本科
607,python后端开发工程师,北京快乐开工科技有限公司,北京,20000,3-5年,本科
608,后端开发工程师-Node.js/Python,北京快乐开工科技有限公司,北京,20000,3-5年,本科
609,Python高级开发工程师,杭州鸿致科技有限公司,杭州,10000,1-3年,本科
610,Python高级开发工程师,广州玄道科技有限公司,广州,12000,5-10年,本科
611,Python数据挖掘,青岛永嘎科技有限公司,青岛,5000,1-3年,本科
612,python后端开发工程师,北京庖丁科技有限公司,西安,10000,不限,本科
613,XPython/算法工程师G00019,上海展才人力资源有限公司,盐城,20000,5-10年,本科
614,python后端开发工程师,傅利叶动力（北京）科技有限公司,北京,18000,3-5年,本科
615,python数据开发工程师,上海仲阳天王星数据科技有限公司,上海,15000,在校/应届,本科
616,Python系统开发实习生,上海仲阳天王星数据科技有限公司,上海,4000,在校/应届,本科
617,高级Python后端开发,德塔幂方（广州）信息科技有限责任公司,广州,15000,3-5年,本科
618,python后端开发工程师,重庆哈希智能科技有限公司,重庆,10000,3-5年,本科
619,java/c/c++/python/js/测试/运维,华为技术有限公司,北京,15000,1-3年,本科
620,java/c/c++/python/js/测试/运维,华为技术有限公司,西安,15000,1-3年,本科
621,Python开发工程师（实习）,广州云纳信息科技有限公司,广州,3000,在校/应届,大专
622,python开发实习生,达而观信息科技（上海）有限公司,北京,5000,在校/应届,本科
623,scratch、python编程老师 积木,北京博瑞领创科技有限公司,北京,6000,不限,大专
624,Python&nbsp;后端开发工程师 (MJ000300),翼健（上海）信息科技有限公司,上海,12000,1-3年,本科
625,Python 后端开发工程师 (MJ000327),翼健（上海）信息科技有限公司,上海,15000,1-3年,本科
626,python爬虫工程师,上海梭翱信息技术有限公司,上海,16000,1-3年,大专
627,Python/固件开发工程师,北京丰申科技有限公司,北京,3000,在校/应届,硕士
628,python图像处理实习生,北京直引科技有限公司,北京,6000,在校/应届,硕士
629,Python数据工程师,广州掌昆网络科技有限公司,广州,15000,3-5年,本科
630,Python系统开发实习生,上海仲阳天王星数据科技有限公司,深圳,4000,在校/应届,本科
631,Python系统开发工程师,上海仲阳天王星数据科技有限公司,上海,15000,在校/应届,本科
632,高级python开发工程师,北京深言科技有限责任公司,北京,25000,3-5年,本科
633,python安全开发工程师,北京源堡科技有限公司,北京,25000,不限,本科
634,python安全开发工程师,北京源堡科技有限公司,北京,25000,不限,本科
635,python爬虫工程师,北京智慧星光信息技术有限公司,北京,7000,不限,本科
636,python爬虫工程师,上海千杉网络技术发展有限公司,杭州,15000,3-5年,本科
637,中级Python开发工程师,成都亿格人居科技有限公司,成都,12000,3-5年,本科
638,python数据分析,华为技术有限公司,西安,25000,不限,本科
639,python后端开发工程师,广州拼吧信息科技有限公司,广州,10000,3-5年,本科
640,python测试开发工程师,珠海奔图电子有限公司,珠海,10000,3-5年,本科
641,【华为OD】C/C++/java/python/js高级工程师,华为技术有限公司,成都,20000,不限,本科
642,python后端开发工程师,北京古灵阁科技有限公司,北京,22000,3-5年,本科
643,资深自动化测试工程师（Python/Java/JS),亿磐系统（深圳）有限公司,成都,15000,5-10年,本科
644,python后端开发,景生星月信息科技（北京）有限公司,北京,4000,在校/应届,本科
645,Python系统开发工程师,上海仲阳天王星数据科技有限公司,深圳,15000,在校/应届,本科
646,Python系统开发工程师 (MJ000233),上海仲阳天王星数据科技有限公司,成都,15000,不限,本科
647,python后端开发,景生星月信息科技（北京）有限公司,北京,4000,在校/应届,本科
648,Python开发工程师（实习）,上海玄信资产管理中心（有限合伙）,上海,5000,在校/应届,本科
649,python开发实习生,北京华道资本投资有限公司,北京,3000,在校/应届,本科
650,Python网络爬虫开发（实习）,上海数旦信息技术有限公司,上海,4000,不限,本科
651,Python后端开发实习生（重庆岗）(Z2306),上海茗日智能科技有限公司,重庆,2000,在校/应届,本科
652,Python开发实习生,上海茗日智能科技有限公司,上海,3000,在校/应届,本科
653,python爬虫工程师,北京岁月桔子科技有限公司,北京,2000,在校/应届,本科
654,Python实习生,北京岁月桔子科技有限公司,北京,2000,在校/应届,本科
655,python开发实习生,上海闵行区青悦环保信息技术服务中心,上海,4000,在校/应届,大专
656,python爬虫实习工程师,上海闵行区青悦环保信息技术服务中心,上海,4000,在校/应届,大专
657,python开发工程师（外派道富）,浙江网新恒天软件有限公司,杭州,9000,在校/应届,本科
658,python后端开发工程师助理,夸克云智科技（深圳）有限公司,深圳,3000,在校/应届,大专
659,Python爬虫工程师（实习生）,观澜网络（杭州）有限公司,杭州,4000,在校/应届,不限
660,Python数据开发工程师 (MJ000232),上海仲阳天王星数据科技有限公司,成都,15000,不限,本科
661,python爬虫工程师,深圳市乐思软件技术有限公司,深圳,6000,在校/应届,本科
662,Python开发工程师-成都,成都华为技术有限公司,成都,15000,1-3年,本科
663,python后端开发工程师,杭州映云科技有限公司,昆明,10000,在校/应届,本科
664,2022校招Python开发工程师(J10248),深圳云天励飞技术股份有限公司,深圳,18000,在校/应届,不限
665,中高级python后台工程师,广州探迹科技有限公司,广州,15000,3-5年,本科
666,python技术助理,北京思瑞明创软件科技有限公司,北京,3000,在校/应届,本科
667,python爬虫工程师,北京聚源锐思数据科技有限公司,北京,8000,在校/应届,本科
668,Python编程老师,武汉卡巴教育咨询有限公司,武汉,8000,不限,本科
669,Python数据开发实习生【200-400元/日】,上海仲阳天王星数据科技有限公司,成都,6000,在校/应届,本科
670,python高级工程师,成都华为技术有限公司,成都,15000,1-3年,本科
671,Python量化开发工程师,武汉镜像科技有限公司,武汉,15000,不限,本科
672,python机器学习,北京代码空间科技有限公司,天津,2000,在校/应届,本科
673,数据挖掘师/python工程师,成都健数科技有限公司,成都,7000,1-3年,本科
674,python助教,成都环宇知了科技有限公司,成都,6000,1-3年,本科
675,Python系统开发实习生 (MJ000234),上海仲阳天王星数据科技有限公司,成都,6000,在校/应届,本科
676,量化工程师/Python开发工程师,北京宏量资本管理有限公司,北京,10000,不限,本科
677,Python教研,成都环宇知了科技有限公司,成都,8000,1-3年,本科
678,Python实习生,广州微易软件有限公司,广州,3000,在校/应届,本科
679,python开发实习生,宝牧科技（天津）有限公司,武汉,3000,在校/应届,本科
680,编程教研（Python）,成都娄外科技有限公司,成都,10000,不限,本科
681,Python爬虫及反爬实习工程师（可转正）,南京聪明狗网络技术有限公司,南京,8000,在校/应届,本科
682,python开发实习生,广州微易软件有限公司,广州,2000,在校/应届,本科
683,python开发实习,上海邻我信息技术有限公司,上海,2000,在校/应届,不限
684,Python开发实习生,深圳贝尔信息科技有限公司,深圳,3000,在校/应届,本科
685,python前端开发工程师,上海潜链信息科技有限公司,上海,20000,在校/应届,本科
686,python后端开发工程师,上海潜链信息科技有限公司,上海,20000,在校/应届,本科
687,Python爬虫实习生,深圳爱数云科技有限公司,深圳,6000,在校/应届,本科
688,Python开发实习生,南京维伍网络科技有限公司,南京,3000,在校/应届,本科
689,Python开发实习生,西门子（中国）有限公司,北京,3000,在校/应届,本科
690,Python开发工程师-2023届,友邦资讯科技（广州）有限公司,成都,4000,在校/应届,本科
691,少儿编程Python老师/双休/六险一金,北京思明启创科技有限公司,济南,6000,1-3年,本科
692,python讲师,四川码乙科技有限公司,成都,12000,3-5年,本科
693,Python云平台后端开发工程师,江苏博云科技股份有限公司,南京,6000,在校/应届,本科
694,Python开发&amp;讲师,优选创新（北京）科技有限公司,北京,8000,1-3年,本科
695,python少儿教师,北京中诚泰信科技有限公司,北京,3000,不限,本科
696,Python爬虫实习生,北京氢元数据信息技术有限公司,北京,4000,在校/应届,本科
697,Python开发实习,上海格蓝威驰信息科技有限公司,上海,3000,在校/应届,本科
698,python爬虫工程师,上海穰川信息技术有限公司,上海,5000,在校/应届,本科
699,python编程教师,吉林优聚教育咨询有限公司,通化,3000,在校/应届,大专
700,RPA/Python开发实习生,上海神兵巧匠智能科技有限公司,上海,3000,在校/应届,大专
701,python实习生,安徽领云物联科技有限公司,合肥,5000,不限,硕士
702,python开发实习生,广州字言智语科技有限公司,广州,2000,在校/应届,不限
703,python工程师（实习岗）,苏州展识科技有限公司,武汉,2000,在校/应届,本科
704,python后端开发工程师,深圳市魔数智擎人工智能有限公司,深圳,12000,1-3年,本科
705,2023- Python/Golong 开发工程师(J10261),北京四维图新科技股份有限公司,北京,15000,在校/应届,本科
706,Python爬虫基础讲师,湖南六星教育网络科技有限公司,成都,6000,1-3年,不限
707,Python Engineer Python 工程师,思迈德,上海,15000,3-5年,本科
708,Python C++开发,里丰科技,淄博,3000,经验不限,本科
709,Python 工程师,讯鸟科技,郑州,6000,3-5年,本科
710,Python 开发,移联创科技,成都,9000,1-3年,本科
711,Python 实习开发,巨锝数据,北京,6000,3天/周,大专
712,python 爬虫实习生,艾佐科技,长沙,7500,5天/周,本科
713,python web开发工程师,腾讯,深圳,13000,1-3年,大专
714,Python 后端研发工程师（实习）,观安,上海,6000,4天/周,本科
715,python 兼职开发,深圳懒蚂蚁,深圳,14000,1-3年,学历不限
716,Python 技术专家,蚂蚁集团,上海,30000,3-5年,本科
717,Python 工程师,航天蓝西,咸阳,5000,3-5年,本科
718,Python 全栈,凝基(上海),深圳,20000,1-3年,本科
719,Python 后端工程师,成都银事达,成都,8000,1-3年,大专
720,python 开发工程师,睿云在线,福州,4000,经验不限,本科
721,Python Web研发工程师,楚精灵,武汉,10000,3-5年,本科
722,编程 c++ python,网企科技,深圳,8000,在校/应届,本科
723,Python 后端开发工程师,深圳捎客转运物流,深圳,15000,3-5年,本科
724,python 爬虫工程师,南京雨润食品有限公司,南京,8000,1-3年,本科
725,Python 开发工程师,脉讯在线,北京,12000,1-3年,本科
726,Python 中级工程师,浙江华光,温州,10000,1-3年,本科
727,Python 开发工程师,华为,长沙,15000,经验不限,本科
728,Python Flask Web工程师,三育教育,上海,12000,3-5年,大专
729,Python 开发工程师,UnitedStack,北京,11000,3-5年,本科
730,Python 开发工程师,上海德成,宁波,7000,1-3年,大专
731,Python 开发工程师（算法工程师）,数港科技,秦皇岛,6000,1-3年,本科
732,Python Web开发工程师,场景通,深圳,18000,1-3年,本科
733,PYTHON 开发工程师（企业内部系统）,Aibee,北京,20000,经验不限,本科
734,Python 、Java、Go 中级工程师,Veritas,北京,15000,1-3年,本科
735,后端开发工程师 Python,原子文化,宁波,8000,1-3年,本科
736,python 高级开发工程师（居家办公）,北京汉鸽科技有限公司,北京,12000,3-5年,本科
737,Python,晟运通,长治,4000,1-3年,大专
738,Python,宇通科技,北京,11000,经验不限,学历不限
739,python,鑫晟隆,福州,9000,1-3年,本科
740,Python,山西慢快科技有限...,西安,3000,3-5年,大专
741,Python,编程侠少儿编程教育,临沂,4000,1年以内,本科
742,Python,江苏文旭,徐州,5000,1-3年,大专
743,python,博远创客,辽阳,3000,经验不限,学历不限
744,Python,金芒果信息科技,西安,10000,1-3年,学历不限
745,Python,启客,北京,15000,3-5年,本科
746,Python,灵动机器人活动中心,唐山,4000,1年以内,本科
747,Python,清晋智慧,太原,6000,1-3年,本科
748,Python,怀平信息科技有限公司,济南,3000,经验不限,本科
749,Python,西安华为,西安,13000,1-3年,本科
750,Python,易速,商丘,3000,经验不限,大专
751,Python,益麦电磁,苏州,10000,1-3年,本科
752,Python,聆韵,南京,12000,3-5年,本科
753,Python,云图软件,上海,15000,1-3年,本科
754,Python,石云科技,北京,12000,1年以内,本科
755,Python,江苏飞通技术有限公司,上海,20000,1-3年,本科
756,Python,北航西部创新港,成都,15000,3-5年,硕士
757,Python,泉云智慧,济南,8000,3-5年,本科
758,Python,Momenta,北京,9000,经验不限,本科
759,python,北京打造前程,郑州,8000,1-3年,本科
760,Python,贵州澜庭轩酒店管理,贵阳,8000,1-3年,学历不限
761,Python,友诚精密冲件,金华,15000,1-3年,本科
762,Python,苏州零壹极,苏州,4000,1-3年,本科
763,Python,方程士青少年编程,台州,6000,1-3年,本科
764,Python,博佳佳智科技,海口,5000,经验不限,大专
765,python,兴融联科技,深圳,12000,3-5年,大专
766,Python,信雅达科技股份,珠海,13000,3-5年,本科
767,Python,杭州赛迈科技,杭州,7000,1-3年,本科
768,Python,北京奕辰科技有限公司,北京,13000,3-5年,大专
769,Python,吟客星,武汉,15000,1-3年,本科
770,Python,奇虎360,北京,15000,3-5年,本科
771,Python,闻喜奇点创客家科技,运城,3000,1年以内,大专
772,Python,成都百特云,成都,10000,1-3年,本科
773,Python,绘云天科技,北京,15000,1-3年,本科
774,Python,富融,广州,7000,3-5年,学历不限
775,Python,止一网络,宁波,7000,经验不限,本科
776,Python,弯弓信息,长沙,8000,3-5年,本科
777,python,曼光信息科技,上海,10000,1-3年,本科
778,Python,亿得科技,沈阳,5000,1-3年,学历不限
779,Python,十域科技,杭州,15000,5-10年,本科
780,Python,北京卓诗科技有限公司,北京,12000,1-3年,本科
781,Python,东风院,武汉,6000,1-3年,硕士
782,python,魔镜市场情报,重庆,4500,4天/周,硕士
783,Python,睿服科技,深圳,10000,3-5年,本科
784,Python,风之野,曲靖,4000,1-3年,本科
785,Python,云孚科技,北京,10000,经验不限,本科
786,python,百度,北京,7500,4天/周,硕士
787,Python,查士丁,广州,13000,3-5年,本科
788,Python,千乘科技,北京,15000,1-3年,本科
789,python,磐御网络,上海,15000,3-5年,硕士
790,Python,大连睿橙科技有限公司,大连,5000,经验不限,本科
791,Python,方寸物造,济南,8000,1-3年,大专
792,Python,剑藤,上海,8000,3-5年,本科
793,Python,华为云计算,杭州,15000,1-3年,本科
794,Python,华为,成都,11000,1-3年,本科
795,Python,无锋网络,福州,6000,1-3年,大专
796,python开发,安徽趣程,合肥,8000,3-5年,本科
797,Python后端,傲创资产,嘉兴,2700,5天/周,大专
798,Python讲师,欧米克网络科技,厦门,12000,3-5年,本科
799,Python讲师,童程童美,上海,10000,经验不限,本科
800,python开发,云豆豆,杭州,6000,经验不限,本科
801,python开发,江苏万维艾斯公司,南京,13000,3-5年,本科
802,python,启商,汕头,8000,经验不限,学历不限
803,Python,天创征腾,北京,11000,3-5年,本科
804,python,法本,深圳,14000,3-5年,本科
805,Python,微银合创,湖州,5000,经验不限,本科
806,Python,烟台风林网络科技,烟台,6000,1-3年,本科
807,Python,新疆通淼企业管理,阿克苏地区,15000,1-3年,本科
808,Python,博世中国 / 集团,上海,10000,1-3年,本科
809,Python,达古科技,温州,5000,3-5年,本科
810,Python,诺通极致,呼和浩特,3000,1-3年,本科
811,Python,华远科技,潍坊,6000,3-5年,本科
812,Python,文正科技,宁波,8000,1-3年,本科
813,Python,兰州中昱,兰州,8000,1-3年,本科
814,Python,瀚申,郑州,4000,经验不限,本科
815,Python,国信投资,郑州,5000,1年以内,本科
816,Python,山西华瑞鑫,太原,4000,1-3年,大专
817,Python,峰秀,连云港,7000,1-3年,大专
818,Python,慧达工科,东莞,5000,1-3年,大专
819,Python,青琰私募基金,上海,16000,1-3年,本科
820,Python,微诺,深圳,15000,3-5年,本科
821,Python,汇联金创,深圳,10000,1-3年,本科
822,Python,沃东天骏信息技术,北京,25000,3-5年,本科
823,Python,r,成都,5000,1-3年,本科
824,Python,屹石科技,廊坊,11000,1-3年,本科
825,Python,左左右右,西安,1000,经验不限,大专
826,Python,信达网安,北京,15000,3-5年,本科
827,Python,北京雷石,北京,15000,3-5年,学历不限
828,Python,国御,北京,20000,3-5年,本科
829,Python,SUBMAIL,上海,8000,3-5年,本科
830,Python,数美科技,北京,12000,1-3年,本科
831,Python,华为,上海,20000,1-3年,本科
832,python,未斯,杭州,6000,5天/周,本科
833,Python,乐维科技,梅州,4000,经验不限,本科
834,Python,瀚闻资讯,大连,7000,经验不限,大专
835,急聘Python,盈安信息科技有限公司,淄博,5000,1-3年,本科
836,python开发,软通动力,北京,14000,3-5年,本科
837,Python,腾讯,深圳,10000,1-3年,大专
838,python,中软国际,桂林,12000,1-3年,本科
839,python,捷冠,太原,6000,1-3年,本科
840,python,英瀚时,苏州,5000,1年以内,学历不限
841,Python,有序信息,泉州,5000,1-3年,本科
842,Python,源鲁,济南,8000,1-3年,本科
843,Python,携程旅行网,上海,15000,1-3年,本科
844,Python,广州必呼时代文化...,广州,10000,3-5年,本科
845,Python,慧脑云,北京,13000,3-5年,本科
846,python,皑医科技,洛阳,3000,5天/周,大专
847,python工程师,星联云,鞍山,10000,经验不限,大专
848,Python工程师,天龙腾云南分公司,昆明,5000,1-3年,本科
849,Python工程师,中集飞瞳,上海,7500,5天/周,
850,python工程师,星商创新,烟台,5000,经验不限,本科
851,Python程序员,今翔科技,滨州,4000,1年以内,大专
852,python工程师,飞脉科技,武汉,5000,1-3年,大专
853,python工程师,百度,北京,20000,3-5年,本科
854,python讲师,河源市乐创教育科...,河源,8000,1-3年,大专
855,Python教师,极客晨星,扬州,5000,经验不限,本科
856,python讲师,云课教育,济南,8000,1-3年,大专
