职位,公司,城市,区域,薪资,经验,学历,详情页
Java高级开发工程师,武汉屈臣氏个人用品商店有限公司广州分公司,广州,越秀区,10k-20k,5-10年,本科,https://www.lagou.com/wn/jobs/10662757.html
java开发工程师,北京中科智加科技有限公司,成都,青羊区,9k-16k,3-5年,本科,https://www.lagou.com/wn/jobs/10653618.html
java开发工程师,合肥网达软件有限公司,合肥,庐阳区,10k-20k,3-5年,本科,https://www.lagou.com/wn/jobs/10648720.html
Java开发工程师,金蝶软件（中国）有限公司,深圳,南山区,16k-27k,5-10年,本科,https://www.lagou.com/wn/jobs/10640356.html
java开发工程师,安徽屹通信息科技发展有限公司,北京,朝阳区,13k-17k,3-5年,本科,https://www.lagou.com/wn/jobs/10620929.html
高级java开发工程师,上海喜鹊到网络技术有限公司,上海,闵行区,17k-30k,5-10年,本科,https://www.lagou.com/wn/jobs/10612540.html
高级java开发工程师,上扬软件（上海）有限公司,武汉,洪山区,15k-25k,5-10年,本科,https://www.lagou.com/wn/jobs/10609079.html
java工程师,京北方信息技术股份有限公司,北京,丰台区,16k-22k,3-5年,本科,https://www.lagou.com/wn/jobs/10601282.html
java高级开发工程师,成都卡社诺网络技术有限责任公司,重庆,江北区,20k-30k,3-5年,本科,https://www.lagou.com/wn/jobs/10588883.html
java开发工程师,深圳市鹏鼎创盈金融信息服务股份有限公司,深圳,福田区,15k-25k,3-5年,本科,https://www.lagou.com/wn/jobs/10560103.html
java开发工程师,杭州邦睿科技有限公司,杭州,滨江区,11k-18k,1-3年,本科,https://www.lagou.com/wn/jobs/10554442.html
java开发工程师,隆平高科信息技术（北京）有限公司,北京,朝阳区,15k-25k,1-3年,本科,https://www.lagou.com/wn/jobs/10541732.html
java开发工程师,杭州邦睿科技有限公司,杭州,拱墅区,10k-15k,1-3年,本科,https://www.lagou.com/wn/jobs/10548265.html
JAVA开发工程师,上海创景信息科技有限公司,上海,浦东新区,12k-21k,1-3年,本科,https://www.lagou.com/wn/jobs/10529852.html
java开发工程师,杭州雅拓信息技术有限公司郑州分公司,郑州,中原区,8k-12k,3-5年,本科,https://www.lagou.com/wn/jobs/10527807.html
java工程师,京北方信息技术股份有限公司,北京,丰台区,16k-22k,3-5年,本科,https://www.lagou.com/wn/jobs/10601282.html
java开发工程师,深圳市汇合发展有限公司,杭州,滨江区,15k-30k,3-5年,本科,https://www.lagou.com/wn/jobs/10607407.html
java开发工程师,杭州乌鸫科技有限公司,杭州,余杭区,15k-20k,1-3年,本科,https://www.lagou.com/wn/jobs/10555503.html
Java开发工程师,苏州卓曜智能科技有限公司,苏州,昆山市,10k-20k,5-10年,本科,https://www.lagou.com/wn/jobs/10527864.html
JAVA工程师,科睿特软件集团股份有限公司,南昌,青山湖区,8k-16k,3-5年,大专,https://www.lagou.com/wn/jobs/10498081.html
java开发工程师,南京叶子科技有限公司,东莞,东莞市市辖区,13k-25k,5-10年,本科,https://www.lagou.com/wn/jobs/10490138.html
java开发工程师,上海东方龙新媒体有限公司,上海,徐汇区,11k-22k,3-5年,本科,https://www.lagou.com/wn/jobs/10461735.html
java开发工程师,成都管家婆云科技有限公司,成都,双流区,10k-16k,3-5年,本科,https://www.lagou.com/wn/jobs/10454573.html
高级java开发工程师,中电金信软件有限公司,上海,虹口区,18k-26k,5-10年,大专,https://www.lagou.com/wn/jobs/10400662.html
java开发工程师,北京普睿德利科技有限公司,青岛,即墨市,7k-14k,1-3年,本科,https://www.lagou.com/wn/jobs/10394681.html
java开发工程师,深圳市汇合发展有限公司,深圳,南山区,14k-28k,3-5年,本科,https://www.lagou.com/wn/jobs/10362149.html
java高级开发工程师,上海睿沃信息科技有限公司,深圳,南山区,20k-35k,5-10年,本科,https://www.lagou.com/wn/jobs/10330839.html
java开发工程师,杭州博彦信息技术有限公司,广州,番禺区,15k-18k,3-5年,本科,https://www.lagou.com/wn/jobs/10313067.html
高级java开发工程师,广州微易软件有限公司,广州,番禺区,18k-30k,5-10年,本科,https://www.lagou.com/wn/jobs/10283990.html
java高级开发工程师,杰为软件系统（深圳）有限公司,佛山,顺德区,14k-28k,5-10年,本科,https://www.lagou.com/wn/jobs/10234484.html
java开发工程师,久远谦长（北京）技术服务有限公司,北京,朝阳区,15k-30k,不限,本科,https://www.lagou.com/wn/jobs/10040748.html
java开发工程师,上海图源素数字科技有限公司,杭州,西湖区,10k-20k,不限,本科,https://www.lagou.com/wn/jobs/10010313.html
Java开发工程师,广州趣米网络科技有限公司,广州,天河区,8k-12k,1-3年,本科,https://www.lagou.com/wn/jobs/10006026.html
java开发工程师,深圳市汇合发展有限公司,杭州,滨江区,15k-26k,3-5年,本科,https://www.lagou.com/wn/jobs/10000299.html
高级java开发工程师,上海森浦信息服务有限公司,上海,浦东新区,15k-28k,3-5年,本科,https://www.lagou.com/wn/jobs/9984062.html
java开发工程师,北京润通丰华科技有限公司,北京,海淀区,13k-20k,1-3年,本科,https://www.lagou.com/wn/jobs/9889675.html
高级java开发工程师,上海景栗信息科技有限公司,上海,静安区,18k-35k,3-5年,本科,https://www.lagou.com/wn/jobs/9870365.html
java开发工程师,京北方信息技术股份有限公司,成都,高新区,14k-20k,3-5年,本科,https://www.lagou.com/wn/jobs/9860496.html
java开发工程师,京北方信息技术股份有限公司,成都,高新区,12k-20k,5-10年,本科,https://www.lagou.com/wn/jobs/9844351.html
java高级开发工程师,上海咪啰信息科技有限公司,上海,浦东新区,15k-30k,3-5年,本科,https://www.lagou.com/wn/jobs/9804121.html
高级java开发工程师,杭州玖欣物联科技有限公司,杭州,滨江区,15k-30k,5-10年,本科,https://www.lagou.com/wn/jobs/9773954.html
java开发工程师,上海速石信息科技有限公司,上海,杨浦区,20k-40k,3-5年,本科,https://www.lagou.com/wn/jobs/9762598.html
java开发工程师,天津职引科技有限公司,天津,南开区,7k-14k,3-5年,本科,https://www.lagou.com/wn/jobs/9720685.html
java开发工程师,中科软科技股份有限公司,上海,普陀区,10k-15k,1-3年,本科,https://www.lagou.com/wn/jobs/9737664.html
高级java开发工程师,友邦资讯科技（广州）有限公司,成都,高新区,15k-25k,5-10年,本科,https://www.lagou.com/wn/jobs/9735173.html
java开发工程师,京北方信息技术股份有限公司,北京,海淀区,12k-20k,不限,大专,https://www.lagou.com/wn/jobs/9851136.html
java开发工程师,上海速石信息科技有限公司,上海,杨浦区,20k-40k,3-5年,本科,https://www.lagou.com/wn/jobs/9762598.html
高级java开发工程师,上海瑞妮丝医疗美容门诊部有限公司,上海,黄浦区,15k-20k,3-5年,本科,https://www.lagou.com/wn/jobs/9755118.html
高级java开发工程师,友邦资讯科技（广州）有限公司,成都,高新区,15k-25k,5-10年,本科,https://www.lagou.com/wn/jobs/9735173.html
高级java开发工程师,成都仰格科技有限责任公司,成都,天府新区,20k-40k,不限,本科,https://www.lagou.com/wn/jobs/9700912.html
java开发工程师,卓望数码技术（深圳）有限公司广州分公司,北京,丰台区,15k-20k,3-5年,本科,https://www.lagou.com/wn/jobs/9685736.html
java开发工程师,京北方信息技术股份有限公司,深圳,福田区,14k-22k,3-5年,本科,https://www.lagou.com/wn/jobs/9676841.html
java开发工程师,北京新桥技术发展有限公司,北京,海淀区,8k-16k,不限,本科,https://www.lagou.com/wn/jobs/9613679.html
java开发工程师,广东百德朗科技有限公司,广州,黄埔区,10k-13k,3-5年,本科,https://www.lagou.com/wn/jobs/9610308.html
java开发工程师,德科信息有限公司,深圳,南山区,15k-29k,3-5年,本科,https://www.lagou.com/wn/jobs/9563869.html
java开发工程师,精程（上海）网络科技有限公司,上海,浦东新区,10k-13k,1-3年,本科,https://www.lagou.com/wn/jobs/9526860.html
高级java开发工程师,建信金融科技有限责任公司,深圳,福田区,30k-60k,5-10年,本科,https://www.lagou.com/wn/jobs/9514689.html
java开发工程师,绿城科技产业服务集团有限公司,杭州,余杭区,10k-20k,1-3年,本科,https://www.lagou.com/wn/jobs/9525326.html
java高级开发工程师,北京君禾世纪科技有限公司,北京,朝阳区,20k-35k,5-10年,本科,https://www.lagou.com/wn/jobs/9499650.html
高级java开发工程师,金蝶软件（中国）有限公司,深圳,南山区,25k-35k,5-10年,本科,https://www.lagou.com/wn/jobs/9464574.html
java开发工程师,深圳乐言科技有限公司,深圳,南山区,8k-13k,不限,本科,https://www.lagou.com/wn/jobs/9482567.html
高级java开发工程师,深圳市领星网络科技有限公司,深圳,南山区,30k-40k,3-5年,本科,https://www.lagou.com/wn/jobs/9418562.html
java开发工程师,深圳市小赢科技有限责任公司,深圳,南山区,12k-23k,1-3年,本科,https://www.lagou.com/wn/jobs/9423052.html
java高级开发工程师,北京中电博亚科技有限公司,北京,海淀区,25k-35k,5-10年,本科,https://www.lagou.com/wn/jobs/9383774.html
java开发工程师,北京美摄网络科技有限公司,北京,海淀区,15k-25k,3-5年,本科,https://www.lagou.com/wn/jobs/9302744.html
java开发工程师,智库人工智能科技（广州）有限公司,广州,海珠区,15k-30k,3-5年,本科,https://www.lagou.com/wn/jobs/9281418.html
java开发工程师,创新奇智（北京）科技有限公司,北京,海淀区,15k-30k,5-10年,本科,https://www.lagou.com/wn/jobs/9266448.html
java开发工程师,平安付智能技术有限公司,上海,徐汇区,15k-25k,3-5年,本科,https://www.lagou.com/wn/jobs/9232407.html
高级java开发工程师,广州宸祺出行科技有限公司,广州,海珠区,20k-40k,5-10年,本科,https://www.lagou.com/wn/jobs/9199211.html
JAVA开发工程师,北京泛为信息科技有限公司,上海,浦东新区,15k-25k,1-3年,本科,https://www.lagou.com/wn/jobs/9220944.html
JAVA开发工程师,天翼云科技有限公司,广州,海珠区,15k-30k,5-10年,本科,https://www.lagou.com/wn/jobs/9179827.html
java开发工程师,深圳市睿服科技有限公司,上海,浦东新区,10k-20k,3-5年,本科,https://www.lagou.com/wn/jobs/9110181.html
Java开发工程师,京北方信息技术股份有限公司,成都,高新区,11k-18k,3-5年,本科,https://www.lagou.com/wn/jobs/9014615.html
高级java开发工程师,锋泾（中国）建材集团有限公司,上海,闵行区,25k-35k,5-10年,大专,https://www.lagou.com/wn/jobs/8949364.html
Java开发工程师,完美世界（北京）软件科技发展有限公司,北京,朝阳区,15k-30k,1-3年,本科,https://www.lagou.com/wn/jobs/8952049.html
java开发工程师,京北方信息技术股份有限公司,西安,高新技术产业开发区,8k-15k,3-5年,本科,https://www.lagou.com/wn/jobs/9016958.html
Java开发工程师,京北方信息技术股份有限公司,深圳,福田区,12k-22k,不限,本科,https://www.lagou.com/wn/jobs/9014927.html
Java开发工程师,深圳市小赢科技有限责任公司,深圳,南山区,10k-15k,不限,本科,https://www.lagou.com/wn/jobs/8482201.html
Java开发工程师,北京臻盛网络技术有限公司,北京,海淀区,20k-35k,3-5年,本科,https://www.lagou.com/wn/jobs/8466784.html
java高级开发工程师,上海事成软件股份有限公司,苏州,相城区,10k-15k,1-3年,大专,https://www.lagou.com/wn/jobs/8335770.html
Java开发工程师,北京新微科技有限公司,北京,海淀区,15k-25k,3-5年,本科,https://www.lagou.com/wn/jobs/8286018.html
java开发工程师,上海翼多信息咨询有限公司,上海,普陀区,15k-20k,3-5年,本科,https://www.lagou.com/wn/jobs/8265159.html
java开发工程师,广东智源信息技术有限公司,广州,越秀区,8k-12k,1年以下,本科,https://www.lagou.com/wn/jobs/8182365.html
java高级开发工程师,中教畅享（北京）科技有限公司,北京,石景山区,30k-50k,3-5年,本科,https://www.lagou.com/wn/jobs/7748656.html
Java开发工程师,亚信科技（中国）有限公司,北京,海淀区,15k-30k,不限,本科,https://www.lagou.com/wn/jobs/7724241.html
java开发工程师,上海零与壹软件有限公司,上海,闵行区,8k-15k,不限,本科,https://www.lagou.com/wn/jobs/7611974.html
java高级开发工程师,北京鲸灵数据科技有限公司,北京,朝阳区,25k-40k,5-10年,本科,https://www.lagou.com/wn/jobs/7515528.html
java开发工程师,维恩贝特科技有限公司,深圳,福田区,15k-20k,5-10年,本科,https://www.lagou.com/wn/jobs/7426373.html
Java,深圳市汇合发展有限公司,杭州,滨江区,12k-20k,3-5年,本科,https://www.lagou.com/wn/jobs/7355681.html
高级java开发工程师,深圳市移卡科技有限公司,深圳,南山区,20k-40k,5-10年,本科,https://www.lagou.com/wn/jobs/7504147.html
java高级开发工程师,中华联合财产保险股份有限公司,杭州,拱墅区,20k-35k,5-10年,本科,https://www.lagou.com/wn/jobs/7186807.html
java开发工程师,中华联合财产保险股份有限公司,杭州,拱墅区,10k-20k,不限,本科,https://www.lagou.com/wn/jobs/7186812.html
java高级开发工程师,格尔软件股份有限公司,上海,松江区,20k-30k,5-10年,本科,https://www.lagou.com/wn/jobs/7167644.html
Java高级开发工程师,上海瑛麒动漫科技有限公司,厦门,集美区,15k-25k,5-10年,本科,https://www.lagou.com/wn/jobs/7016067.html
Java开发工程师,北京新微科技有限公司,廊坊,广阳区,8k-15k,3-5年,本科,https://www.lagou.com/wn/jobs/6782212.html
java工程师,上海荆桂智能科技有限公司,上海,浦东新区,10k-20k,1-3年,本科,https://www.lagou.com/wn/jobs/6404884.html
JAVA高级开发工程师,杭州绿云科技有限公司,杭州,西湖区,15k-25k,3-5年,本科,https://www.lagou.com/wn/jobs/6679446.html
java开发工程师,北京鲸榄网络科技有限公司,北京,朝阳区,15k-24k,5-10年,本科,https://www.lagou.com/wn/jobs/6605347.html
java开发工程师,杭州城市大脑有限公司,杭州,西湖区,10k-18k,1-3年,本科,https://www.lagou.com/wn/jobs/6118971.html
java高级开发工程师,杭州米友圈科技有限公司,杭州,余杭区,18k-25k,3-5年,本科,https://www.lagou.com/wn/jobs/6207619.html
java开发工程师,杭州觅睿科技股份有限公司,杭州,滨江区,12k-20k,3-5年,本科,https://www.lagou.com/wn/jobs/6227591.html
java开发工程师,算话智能科技有限公司,上海,青浦区,9k-16k,1-3年,本科,https://www.lagou.com/wn/jobs/4423942.html
Java开发工程师,上海文景信息科技有限公司,北京,海淀区,12k-20k,3-5年,本科,https://www.lagou.com/wn/jobs/5145572.html
Java开发工程师,深圳领域天马网络有限公司,深圳,南山区,11k-20k,3-5年,大专,https://www.lagou.com/wn/jobs/3385302.html
java开发工程师,北京外企德科人力资源服务上海有限公司,深圳,龙岗区,15k-30k,不限,本科,https://www.lagou.com/wn/jobs/11070056.html
java开发工程师,北京外企德科人力资源服务上海有限公司,上海,浦东新区,12k-24k,不限,本科,https://www.lagou.com/wn/jobs/11085779.html
java开发工程师,北京外企德科人力资源服务上海有限公司,深圳,龙岗区,15k-30k,不限,本科,https://www.lagou.com/wn/jobs/11148913.html
java开发工程师,科锐尔人力资源服务（苏州）有限公司,西安,雁塔区,15k-30k,不限,本科,https://www.lagou.com/wn/jobs/10946611.html
java开发工程师,科锐尔人力资源服务（苏州）有限公司,西安,雁塔区,15k-30k,1-3年,本科,https://www.lagou.com/wn/jobs/10941355.html
java开发工程师,正德人力资源股份有限公司,无锡,滨湖区,13k-16k,1-3年,本科,https://www.lagou.com/wn/jobs/11093650.html
java高级开发工程师,成都先胜信息科技有限公司,成都,高新区,13k-20k,3-5年,本科,https://www.lagou.com/wn/jobs/11013811.html
高级java开发工程师,前锦网络信息技术（上海）有限公司北京分公司,上海,浦东新区,25k-32k,5-10年,本科,https://www.lagou.com/wn/jobs/10960363.html
java开发工程师,正德人力资源股份有限公司,上海,浦东新区,15k-25k,1-3年,本科,https://www.lagou.com/wn/jobs/10766229.html
java开发工程师,北京拉勾网络技术有限公司,北京,海淀区,18k-25k,3-5年,本科,https://www.lagou.com/wn/jobs/11050095.html
Java开发工程师,江苏知了信息科技有限公司,常州,武进区,12k-18k,3-5年,本科,https://www.lagou.com/wn/jobs/10229427.html
java开发工程师,北京聚创高科技术有限公司,长沙,长沙县,6k-12k,1-3年,不限,https://www.lagou.com/wn/jobs/11195271.html
java架构师（急聘）,深圳市慧择软件集团有限公司,深圳,南山区,50k-70k,5-10年,本科,https://www.lagou.com/wn/jobs/10341279.html
中高级java工程师,瞬沃信息科技（上海）有限公司,上海,浦东新区,12k-18k,3-5年,本科,https://www.lagou.com/wn/jobs/10217852.html
资深java开发，架构,上海中彦信息科技有限公司,上海,徐汇区,25k-45k,3-5年,本科,https://www.lagou.com/wn/jobs/11195370.html
java开发工程师（甘肃）,北京健康在线网络技术有限公司,金昌,金川区,10k-18k,5-10年,本科,https://www.lagou.com/wn/jobs/11193837.html
JAVA开发工程师,北京外企德科人力资源服务上海有限公司,深圳,龙岗区,13k-26k,不限,本科,https://www.lagou.com/wn/jobs/10949565.html
java开发工程师,北京外企德科人力资源服务上海有限公司,南京,雨花台区,15k-30k,3-5年,本科,https://www.lagou.com/wn/jobs/11106854.html
java开发工程师,科锐尔人力资源服务（苏州）有限公司,西安,雁塔区,15k-30k,1-3年,本科,https://www.lagou.com/wn/jobs/10941355.html
java开发工程师（甘肃）,北京健康在线网络技术有限公司,金昌,金川区,10k-18k,5-10年,本科,https://www.lagou.com/wn/jobs/11193837.html
ZA Bank ENG-Java开发工程师,众安信息技术服务有限公司,深圳,南山区,15k-30k,3-5年,本科,https://www.lagou.com/wn/jobs/11193209.html
中级java开发工程师,深圳楚星软件有限公司,深圳,南山区,10k-14k,3-5年,大专,https://www.lagou.com/wn/jobs/11191979.html
JAVA后端工程师,北京三快在线科技有限公司,深圳,福田区,30k-60k,不限,不限,https://www.lagou.com/wn/jobs/11191355.html
java高级工程师,星河闪耀信息技术（成都）有限公司,成都,武侯区,20k-28k,5-10年,本科,https://www.lagou.com/wn/jobs/11189940.html
java开发工程师(J10208),北京市建筑设计研究院有限公司,北京,西城区,15k-25k,1-3年,本科,https://www.lagou.com/wn/jobs/11188989.html
java开发工程师（银行外包）,京北方信息技术股份有限公司,上海,虹口区,14k-20k,3-5年,本科,https://www.lagou.com/wn/jobs/11189571.html
Java开发工程师（宁波银行）,深圳市友点科技有限公司,宁波,鄞州区,13k-16k,3-5年,本科,https://www.lagou.com/wn/jobs/11187853.html
java开发专家,拼途（北京）信息技术有限公司,北京,朝阳区,25k-40k,5-10年,本科,https://www.lagou.com/wn/jobs/11186332.html
Java开发工程师【生态合作中心】,深圳兔展智能科技有限公司,深圳,南山区,15k-21k,3-5年,本科,https://www.lagou.com/wn/jobs/11183011.html
中级java开发工程师,加绩（上海）科技服务有限公司,武汉,江夏区,13k-16k,3-5年,本科,https://www.lagou.com/wn/jobs/11180823.html
资深后端开发工程师（Java，深圳）,深圳市客路网络科技有限公司,深圳,福田区,35k-50k,不限,不限,https://www.lagou.com/wn/jobs/11180618.html
java开发工程师,北京外企德科人力资源服务上海有限公司,深圳,龙岗区,15k-30k,不限,本科,https://www.lagou.com/wn/jobs/11137196.html
JAVA开发工程师,北京外企德科人力资源服务上海有限公司,深圳,龙岗区,13k-26k,不限,本科,https://www.lagou.com/wn/jobs/10949565.html
38612F-JAVA研发工程师（计算）,平安科技（深圳）有限公司,深圳,南山区,18k-30k,1-3年,本科,https://www.lagou.com/wn/jobs/11182976.html
中级java开发工程师,加绩（上海）科技服务有限公司,武汉,江夏区,13k-16k,3-5年,本科,https://www.lagou.com/wn/jobs/11180823.html
Java开发-机构资金,上海上湖信息技术有限公司,上海,浦东新区,17k-25k,1-3年,本科,https://www.lagou.com/wn/jobs/11180420.html
资深后端开发工程师（Java，深圳）,深圳市客路网络科技有限公司,深圳,福田区,35k-50k,不限,不限,https://www.lagou.com/wn/jobs/11180618.html
高级/资深JAVA工程师（策略） (MJ008304),广州希音供应链管理有限公司,深圳,南山区,20k-40k,3-5年,本科,https://www.lagou.com/wn/jobs/11180683.html
java开发工程师（大数据平台）,上海引旅信息技术服务有限公司,上海,浦东新区,12k-18k,1-3年,本科,https://www.lagou.com/wn/jobs/11178502.html
JAVA架构师/JAVA高级开发,广东美的制冷设备有限公司,武汉,洪山区,25k-40k,不限,本科,https://www.lagou.com/wn/jobs/11178901.html
高级java工程师--惠州,深圳市同和信息技术有限公司,惠州,惠城区,15k-18k,5-10年,本科,https://www.lagou.com/wn/jobs/11176933.html
高级java工程师--保险项目,深圳市同和信息技术有限公司,上海,浦东新区,17k-19k,5-10年,本科,https://www.lagou.com/wn/jobs/11176842.html
java工程师（中高级）,广州群接龙网络科技有限公司,广州,海珠区,15k-22k,3-5年,本科,https://www.lagou.com/wn/jobs/11176230.html
086144-Java开发工程师,平安养老保险股份有限公司,上海,浦东新区,15k-25k,3-5年,本科,https://www.lagou.com/wn/jobs/11176678.html
Java高级开发工程师（Insurance）,深圳市客路网络科技有限公司,深圳,福田区,20k-35k,不限,不限,https://www.lagou.com/wn/jobs/11174384.html
中高级java开发工程师,中电金信软件有限公司,北京,海淀区,15k-20k,3-5年,本科,https://www.lagou.com/wn/jobs/11175713.html
初中级JAVA工程师,杭州雅拓信息技术有限公司,杭州,拱墅区,10k-20k,1-3年,本科,https://www.lagou.com/wn/jobs/11173276.html
Java开发工程师-X6063C,北京鸿盈信息技术有限公司,北京,朝阳区,15k-30k,5-10年,本科,https://www.lagou.com/wn/jobs/11173375.html
Java开发工程师（高级）,深圳松茂科技有限公司,深圳,宝安区,18k-22k,5-10年,大专,https://www.lagou.com/wn/jobs/11172604.html
高级Java服务端（新月同行）,深圳市尚游网络科技有限公司,深圳,南山区,18k-30k,3-5年,本科,https://www.lagou.com/wn/jobs/11170448.html
基础业务-Java技术专家,北京三快在线科技有限公司,北京,朝阳区,40k-60k,不限,不限,https://www.lagou.com/wn/jobs/11170825.html
初中高级Java开发（银行项目）,京北方信息技术股份有限公司,上海,浦东新区,14k-20k,3-5年,本科,https://www.lagou.com/wn/jobs/11164125.html
初级java开发工程师,彩讯科技股份有限公司,杭州,上城区,10k-13k,1-3年,本科,https://www.lagou.com/wn/jobs/11163634.html
Java开发工程师 - 金融支付,深圳圆璧科技有限公司,深圳,南山区,25k-40k,5-10年,本科,https://www.lagou.com/wn/jobs/11163238.html
中级java开发工程师,京北方信息技术股份有限公司,珠海,香洲区,13k-18k,3-5年,大专,https://www.lagou.com/wn/jobs/11162847.html
中级java工程师,上海马帮科技有限公司,上海,闵行区,15k-22k,3-5年,本科,https://www.lagou.com/wn/jobs/11161976.html
资深java研发工程师,行吟信息科技（上海）有限公司,北京,朝阳区,25k-50k,3-5年,本科,https://www.lagou.com/wn/jobs/11161218.html
Java工程师（FLK）,杭州安恒信息技术股份有限公司,杭州,余杭区,15k-25k,3-5年,本科,https://www.lagou.com/wn/jobs/11160793.html
Java开发工程师(A92604),北京汇通天下物联科技有限公司,北京,海淀区,15k-28k,3-5年,本科,https://www.lagou.com/wn/jobs/11160537.html
java开发工程师（杭州银行）,浙江优创信息技术有限公司,杭州,拱墅区,10k-13k,1-3年,本科,https://www.lagou.com/wn/jobs/11158994.html
中级java开发工程师,成都卡社诺网络技术有限责任公司,成都,武侯区,12k-20k,3-5年,本科,https://www.lagou.com/wn/jobs/11159007.html
基础业务-Java技术专家,北京三快在线科技有限公司,北京,朝阳区,40k-60k,不限,不限,https://www.lagou.com/wn/jobs/11170825.html
初级java开发工程师,彩讯科技股份有限公司,杭州,上城区,10k-13k,1-3年,本科,https://www.lagou.com/wn/jobs/11163634.html
Java开发工程师 - 金融支付,深圳圆璧科技有限公司,深圳,南山区,25k-40k,5-10年,本科,https://www.lagou.com/wn/jobs/11163238.html
java开发Leader - 金融支付方向,深圳圆璧科技有限公司,深圳,南山区,40k-80k,10年以上,本科,https://www.lagou.com/wn/jobs/11163240.html
Java&amp;Php开发工程师（高级）,深圳松茂科技有限公司,深圳,宝安区,18k-23k,5-10年,大专,https://www.lagou.com/wn/jobs/11162675.html
中级java开发工程师,京北方信息技术股份有限公司,珠海,香洲区,13k-18k,3-5年,大专,https://www.lagou.com/wn/jobs/11162847.html
中级java工程师,上海马帮科技有限公司,上海,闵行区,15k-22k,3-5年,本科,https://www.lagou.com/wn/jobs/11161976.html
Java工程师（FLK）,杭州安恒信息技术股份有限公司,杭州,余杭区,15k-25k,3-5年,本科,https://www.lagou.com/wn/jobs/11160793.html
资深java研发工程师,行吟信息科技（上海）有限公司,北京,朝阳区,25k-50k,3-5年,本科,https://www.lagou.com/wn/jobs/11161218.html
Java开发专家(WMS),上海阑途信息技术有限公司,上海,闵行区,35k-55k,5-10年,本科,https://www.lagou.com/wn/jobs/11159366.html
java开发工程师（杭州银行）,浙江优创信息技术有限公司,杭州,拱墅区,10k-13k,1-3年,本科,https://www.lagou.com/wn/jobs/11158994.html
KFB-后台开发工程师（JAVA金融系统） (MJ000762),深圳前海微众银行股份有限公司,深圳,南山区,15k-25k,3-5年,本科,https://www.lagou.com/wn/jobs/11158474.html
高级Java开发工程师 (MJ010928),鸿鹄云飞科技（深圳）有限公司,深圳,南山区,20k-30k,5-10年,本科,https://www.lagou.com/wn/jobs/11157210.html
java工程师888888-Y5050A,美的集团股份有限公司,南京,雨花台区,5k-7k,不限,硕士,https://www.lagou.com/wn/jobs/11151837.html
java架构师,恩士迅信息科技（中国）有限责任公司,成都,武侯区,15k-20k,3-5年,本科,https://www.lagou.com/wn/jobs/11150820.html
高级Java开发工程师(平台消费)-【主站】,北京达佳互联信息技术有限公司,北京,海淀区,30k-60k,不限,本科,https://www.lagou.com/wn/jobs/11145573.html
Java开发工程师（推荐方向） (MJ001868),成都极米科技股份有限公司,成都,高新区,15k-25k,3-5年,本科,https://www.lagou.com/wn/jobs/11139244.html
高级Java开发工程师（云易） (MJ000093),福建博思软件股份有限公司,福州,闽侯县,15k-20k,5-10年,本科,https://www.lagou.com/wn/jobs/11135361.html
广告投放Java开发专家-【海外技术】,北京达佳互联信息技术有限公司,北京,海淀区,35k-55k,5-10年,本科,https://www.lagou.com/wn/jobs/11132209.html
Java开发工程师（IM方向） (MJ000220),美琦佳成网络科技有限公司,广州,番禺区,20k-35k,不限,本科,https://www.lagou.com/wn/jobs/11132477.html
Java（韩语）,中电金信软件有限公司,北京,东城区,16k-23k,5-10年,本科,https://www.lagou.com/wn/jobs/11130900.html
中级java开发工程师,北京泰斯听科技有限公司,拉萨,城关区,15k-30k,不限,本科,https://www.lagou.com/wn/jobs/11127278.html
java架构师,深圳圆璧科技有限公司,深圳,南山区,40k-60k,10年以上,本科,https://www.lagou.com/wn/jobs/11125363.html
09614Y-Java工程师,平安健康保险股份有限公司,上海,徐汇区,15k-20k,1年以下,本科,https://www.lagou.com/wn/jobs/11122792.html
初级java开发工程师,医利捷（上海）信息科技有限公司,合肥,蜀山区,8k-13k,1-3年,本科,https://www.lagou.com/wn/jobs/11120861.html
java架构师,深圳彩橙树信息科技有限公司,深圳,宝安区,25k-35k,5-10年,本科,https://www.lagou.com/wn/jobs/11114644.html
高级Java（crm和消息平台） (MJ003662),广州希音供应链管理有限公司,深圳,南山区,20k-30k,3-5年,本科,https://www.lagou.com/wn/jobs/11109932.html
java架构师,湖北聚游科技有限公司,武汉,武昌区,14k-25k,5-10年,本科,https://www.lagou.com/wn/jobs/11109988.html
高级JAVA工程师（财务） (MJ007917),广州希音供应链管理有限公司,南京,雨花台区,20k-28k,5-10年,本科,https://www.lagou.com/wn/jobs/11108993.html
Java开发工程师 (MJ001833),成都极米科技股份有限公司,成都,高新区,15k-20k,3-5年,本科,https://www.lagou.com/wn/jobs/11106481.html
C/C++/java/Python,华为技术有限公司,武汉,江夏区,12k-24k,1-3年,本科,https://www.lagou.com/wn/jobs/11091100.html
Java性能分析工具研发工程师,抖音视界（北京）有限公司,杭州,余杭区,25k-50k,不限,本科,https://www.lagou.com/wn/jobs/11090443.html
Java性能分析工具研发工程师,抖音视界（北京）有限公司,上海,闵行区,25k-50k,不限,本科,https://www.lagou.com/wn/jobs/11090254.html
智能办公平台-Java后端开发负责人,美的集团股份有限公司,佛山,顺德区,45k-60k,5-10年,本科,https://www.lagou.com/wn/jobs/11089988.html
Java开发工程师 (商业云平台),成都恩希云科技有限公司,成都,武侯区,11k-20k,3-5年,本科,https://www.lagou.com/wn/jobs/11085037.html
高级后端开发（Go/Java）,深圳市客路网络科技有限公司,深圳,福田区,25k-50k,5-10年,本科,https://www.lagou.com/wn/jobs/11085421.html
java架构师,圆通速递有限公司,上海,青浦区,25k-40k,5-10年,本科,https://www.lagou.com/wn/jobs/11082475.html
Java资深开发工程师,五八同城信息技术有限公司,北京,朝阳区,30k-60k,3-5年,本科,https://www.lagou.com/wn/jobs/11078438.html
后端开发工程师-java,广东美的制冷设备有限公司,佛山,顺德区,15k-25k,5-10年,本科,https://www.lagou.com/wn/jobs/11078009.html
09613I-理赔Java工程师（专场）,平安健康保险股份有限公司,上海,徐汇区,15k-25k,1-3年,本科,https://www.lagou.com/wn/jobs/11077861.html
短视频营运推广平台高级JAVA开发工程师,杭州龙席网络科技股份有限公司,杭州,余杭区,22k-35k,3-5年,本科,https://www.lagou.com/wn/jobs/11077171.html
高级JAVA开发,广东亿迅科技有限公司,广州,天河区,13k-20k,3-5年,本科,https://www.lagou.com/wn/jobs/11072895.html
java架构师,广东美的制冷设备有限公司,武汉,洪山区,25k-50k,10年以上,本科,https://www.lagou.com/wn/jobs/11072554.html
java高级工程师,上海速强信息技术股份有限公司,上海,浦东新区,13k-18k,3-5年,大专,https://www.lagou.com/wn/jobs/11069799.html
资深java工程师（支付清结算）,上海绘享网络科技有限公司,上海,长宁区,20k-35k,5-10年,本科,https://www.lagou.com/wn/jobs/11065011.html
java讲师,成都蜗牛创想科技有限公司,南京,江宁区,18k-22k,3-5年,本科,https://www.lagou.com/wn/jobs/11080635.html
java运维工程师,淘礼礼贸易（深圳）有限公司,深圳,南山区,8k-12k,1-3年,本科,https://www.lagou.com/wn/jobs/11079818.html
java架构师,湖南微步信息科技有限责任公司,长沙,岳麓区,18k-35k,5-10年,本科,https://www.lagou.com/wn/jobs/11080269.html
09613A-保单服务java工程师（专场）,平安健康保险股份有限公司,上海,徐汇区,15k-25k,3-5年,本科,https://www.lagou.com/wn/jobs/11077708.html
中级Java工程师-互联网-通话团队（广州）,北京合力亿捷科技股份有限公司,广州,天河区,10k-13k,3-5年,本科,https://www.lagou.com/wn/jobs/11077771.html
java开发【韩语流利】,友邦资讯科技（广州）有限公司,北京,东城区,20k-35k,5-10年,本科,https://www.lagou.com/wn/jobs/11073189.html
Java高级开发工程师 (MJ008551),北京搜狐新媒体信息技术有限公司,天津,滨海新区,15k-25k,1-3年,本科,https://www.lagou.com/wn/jobs/11074178.html
中级java开发工程师,加绩（上海）科技服务有限公司,上海,黄浦区,17k-18k,3-5年,本科,https://www.lagou.com/wn/jobs/11071400.html
11610T-资深Java开发工程师,平安科技（深圳）有限公司,深圳,南山区,15k-30k,5-10年,本科,https://www.lagou.com/wn/jobs/11071772.html
Java研发工程师（海外用户增长-社交营销方向）,上海寻梦信息技术有限公司,上海,长宁区,25k-50k,不限,本科,https://www.lagou.com/wn/jobs/11069324.html
java后端开发工程师,亚信科技（中国）有限公司,北京,大兴区,12k-20k,3-5年,本科,https://www.lagou.com/wn/jobs/11066803.html
java开发组长/项目经理,京北方信息技术股份有限公司,成都,武侯区,15k-24k,10年以上,本科,https://www.lagou.com/wn/jobs/11067061.html
资深Java工程师（供应链） (MJ007694),广州希音供应链管理有限公司,广州,番禺区,28k-40k,5-10年,本科,https://www.lagou.com/wn/jobs/11062116.html
java架构师(j10352),深圳市捷顺科技实业股份有限公司,深圳,龙华新区,30k-40k,5-10年,本科,https://www.lagou.com/wn/jobs/11061283.html
Java开发工程师（交付中心） (MJ000847),赞同科技股份有限公司,深圳,福田区,12k-20k,3-5年,本科,https://www.lagou.com/wn/jobs/11058963.html
高级Java开发工程师 -【视频架构】,北京达佳互联信息技术有限公司,北京,海淀区,25k-45k,3-5年,本科,https://www.lagou.com/wn/jobs/11049939.html
Java web工程师,广州中望龙腾软件股份有限公司,广州,天河区,15k-25k,3-5年,本科,https://www.lagou.com/wn/jobs/11051614.html
Java开发专家（公共服务）,上海阑途信息技术有限公司,上海,闵行区,40k-55k,5-10年,本科,https://www.lagou.com/wn/jobs/11049371.html
服务端工程师 （Java）,抖音视界（北京）有限公司,北京,朝阳区,20k-40k,3-5年,本科,https://www.lagou.com/wn/jobs/11047521.html
java中级软件工程师,深圳太极数智技术有限公司,深圳,福田区,15k-20k,3-5年,本科,https://www.lagou.com/wn/jobs/11043101.html
JAVA工程师 (MJ000178),上海杉欣科技发展（集团）有限公司,长春,南关区,9k-13k,1-3年,本科,https://www.lagou.com/wn/jobs/11041635.html
高级java工程师,广州希音供应链管理有限公司,广州,番禺区,15k-30k,3-5年,本科,https://www.lagou.com/wn/jobs/11040496.html
java后台开发工程师,广东智源信息技术有限公司,广州,越秀区,6k-12k,1年以下,本科,https://www.lagou.com/wn/jobs/11036378.html
Java软件开发工程师,MicroWorld株式会社,海外,海外,18k-35k,不限,本科,https://www.lagou.com/wn/jobs/11039058.html
JAVA开发（银行+双休+平时有加班费）,深圳市汇合发展有限公司,深圳,南山区,15k-26k,3-5年,本科,https://www.lagou.com/wn/jobs/11035178.html
java软件工程师,浙江保融科技股份有限公司,杭州,余杭区,13k-25k,3-5年,本科,https://www.lagou.com/wn/jobs/11032342.html
08610U-高级java开发工程师,平安养老保险股份有限公司,上海,浦东新区,15k-25k,1-3年,本科,https://www.lagou.com/wn/jobs/11030293.html
中级Java开发工程师,广州华资软件技术有限公司,广州,天河区,10k-15k,1-3年,本科,https://www.lagou.com/wn/jobs/11027842.html
研发专家（Java/C++/GO后台开发方向）,天翼云科技有限公司,广州,海珠区,30k-50k,10年以上,本科,https://www.lagou.com/wn/jobs/11023286.html
中高级java开发工程师,京北方信息技术股份有限公司,广州,天河区,11k-20k,3-5年,本科,https://www.lagou.com/wn/jobs/11019302.html
Java工程师（台州）,威富通科技有限公司,台州,椒江区,7k-14k,1-3年,本科,https://www.lagou.com/wn/jobs/11011104.html
Java 技术专家--交易场域组-招选搭投方向,行吟信息科技（上海）有限公司,上海,黄浦区,40k-75k,5-10年,本科,https://www.lagou.com/wn/jobs/11004158.html
java软件工程师（移动端）,深圳达实旗云健康科技有限公司,深圳,南山区,15k-20k,3-5年,本科,https://www.lagou.com/wn/jobs/10996157.html
java开发工程师(j10000),上海美市科技有限公司,上海,浦东新区,15k-25k,3-5年,本科,https://www.lagou.com/wn/jobs/10996203.html
后端开发工程师-Java-X2853Y,美的集团股份有限公司,武汉,洪山区,15k-25k,3-5年,本科,https://www.lagou.com/wn/jobs/10996579.html
JAVA开发工程师(009256),中信银行股份有限公司信用卡中心,深圳,福田区,20k-40k,3-5年,本科,https://www.lagou.com/wn/jobs/10995025.html
java开发专家,杭州当贝网络科技有限公司,杭州,滨江区,15k-25k,5-10年,本科,https://www.lagou.com/wn/jobs/10994982.html
高级后端开发工程师-Java-S3692D,美的集团股份有限公司,佛山,禅城区,15k-25k,3-5年,本科,https://www.lagou.com/wn/jobs/10994834.html
Java技术专家（数据平台）,山景智能（北京）科技有限公司,北京,朝阳区,30k-60k,5-10年,本科,https://www.lagou.com/wn/jobs/10995359.html
中高级java开发工程师,上海收钱吧互联网科技股份有限公司,苏州,虎丘区,25k-35k,5-10年,本科,https://www.lagou.com/wn/jobs/10993853.html
Java软件工程师-运通国际,广州广电运通金融电子股份有限公司,广州,黄埔区,7k-12k,不限,本科,https://www.lagou.com/wn/jobs/10993274.html
Java开发工程师（devops方向）(009209),中信银行股份有限公司信用卡中心,深圳,福田区,25k-35k,1-3年,本科,https://www.lagou.com/wn/jobs/10990448.html
大数据应用研发工程师（JAVA）,丰图科技（深圳）有限公司,深圳,南山区,25k-45k,5-10年,本科,https://www.lagou.com/wn/jobs/10990156.html
java自动化测试,维恩贝特科技有限公司,深圳,罗湖区,12k-15k,3-5年,大专,https://www.lagou.com/wn/jobs/10989671.html
资深java开发工程师,北京默契破冰科技有限公司,北京,东城区,35k-55k,5-10年,本科,https://www.lagou.com/wn/jobs/10988947.html
后端开发工程师-Java-U4950I,美的集团股份有限公司,佛山,禅城区,15k-25k,3-5年,本科,https://www.lagou.com/wn/jobs/10994705.html
高级后端开发工程师-Java-S3692D,美的集团股份有限公司,佛山,禅城区,15k-25k,3-5年,本科,https://www.lagou.com/wn/jobs/10994834.html
115169-资深Java开发工程师,平安科技（深圳）有限公司,深圳,南山区,15k-30k,5-10年,本科,https://www.lagou.com/wn/jobs/10979499.html
自动化测试工程师（web、接口自动化；python/java）,上海亘岩网络科技有限公司,上海,闵行区,15k-30k,3-5年,本科,https://www.lagou.com/wn/jobs/10978365.html
高级/资深Java开发工程师,五八同城信息技术有限公司,北京,朝阳区,25k-50k,不限,本科,https://www.lagou.com/wn/jobs/10973164.html
java后端开发工程师（远程居家办公）,上海威弘信息科技有限公司,上海,浦东新区,15k-22k,3-5年,本科,https://www.lagou.com/wn/jobs/10973489.html
赴日 JAVA工程师,ネットエンジン株式会社,海外,海外,15k-30k,1-3年,本科,https://www.lagou.com/wn/jobs/10972404.html
java工程师/专家,上海寻梦信息技术有限公司,上海,长宁区,20k-40k,不限,本科,https://www.lagou.com/wn/jobs/10967240.html
Java开发工程师（北京）,北京石头世纪科技股份有限公司,北京,昌平区,20k-35k,3-5年,本科,https://www.lagou.com/wn/jobs/10961251.html
中级java工程师,上海速强信息技术股份有限公司,上海,闵行区,12k-14k,3-5年,本科,https://www.lagou.com/wn/jobs/10960280.html
JAVA开发工程师-数字人民币,北银金融科技有限责任公司,北京,海淀区,15k-30k,3-5年,本科,https://www.lagou.com/wn/jobs/10958356.html
java技术经理,上海碧蔓智能科技有限公司,上海,闵行区,20k-30k,5-10年,本科,https://www.lagou.com/wn/jobs/10955615.html
配送技术-java架构师,北京三快在线科技有限公司,北京,朝阳区,35k-60k,5-10年,本科,https://www.lagou.com/wn/jobs/10955265.html
JAVA工程师（会员营销方向）(JYXY1),多点生活（中国）数字科技有限公司,武汉,东湖新技术开发区,12k-20k,3-5年,本科,https://www.lagou.com/wn/jobs/10955103.html
Java高级工程师（会员营销方向）(Q0444),多点生活（中国）数字科技有限公司,武汉,东湖新技术开发区,20k-30k,5-10年,本科,https://www.lagou.com/wn/jobs/10955129.html
Java开发工程师（上海）,北京石头世纪科技股份有限公司,上海,浦东新区,20k-35k,3-5年,本科,https://www.lagou.com/wn/jobs/10961242.html
中级java工程师,上海速强信息技术股份有限公司,上海,闵行区,12k-14k,3-5年,本科,https://www.lagou.com/wn/jobs/10960280.html
高级Java工程师(J12103),上海中通吉网络技术有限公司,上海,青浦区,20k-40k,5-10年,本科,https://www.lagou.com/wn/jobs/10952016.html
Java高级工程师,亿咖通（湖北）技术有限公司,杭州,滨江区,25k-40k,3-5年,本科,https://www.lagou.com/wn/jobs/10946642.html
资深后台开发工程师-JAVA（机器学习平台） (MJ007309),广州希音供应链管理有限公司,深圳,南山区,35k-45k,5-10年,本科,https://www.lagou.com/wn/jobs/10939567.html
java开发工程师（中级）,上海文沥信息技术有限公司,上海,普陀区,13k-20k,3-5年,本科,https://www.lagou.com/wn/jobs/10941234.html
Java架构师(J27875),五八同城信息技术有限公司,北京,朝阳区,30k-40k,5-10年,本科,https://www.lagou.com/wn/jobs/10934611.html
java项目经理,杭州雅拓信息技术有限公司,杭州,拱墅区,20k-35k,5-10年,本科,https://www.lagou.com/wn/jobs/10935953.html
Java开发工程师-V4658L,北京致远互联软件股份有限公司,成都,武侯区,10k-20k,5-10年,本科,https://www.lagou.com/wn/jobs/10927417.html
JAVA工程师 福利好(100023),深圳市汇合发展有限公司,杭州,滨江区,13k-23k,3-5年,本科,https://www.lagou.com/wn/jobs/10920508.html
高级java工程师（财务方向）,广州希音供应链管理有限公司,南京,雨花台区,20k-25k,5-10年,本科,https://www.lagou.com/wn/jobs/10920096.html
java开发,上海集度汽车有限公司,北京,朝阳区,25k-45k,3-5年,本科,https://www.lagou.com/wn/jobs/10918556.html
Java技术专家-服务管控 (MJ000183),北京白龙马云行科技有限公司,北京,朝阳区,30k-45k,5-10年,本科,https://www.lagou.com/wn/jobs/10915788.html
java架构师-自研16薪,深圳市慧择软件集团有限公司,深圳,南山区,50k-70k,5-10年,本科,https://www.lagou.com/wn/jobs/10911386.html
java开发工程师（财务天平）-【商业平台研发组】,北京达佳互联信息技术有限公司,北京,海淀区,25k-45k,3-5年,本科,https://www.lagou.com/wn/jobs/10912940.html
java工程师（14-16薪-线上面试）,西安人瑞网络科技有限公司,南京,雨花台区,15k-30k,1-3年,本科,https://www.lagou.com/wn/jobs/10914701.html
java架构师/技术专家,友邦资讯科技（广州）有限公司,广州,越秀区,28k-36k,10年以上,本科,https://www.lagou.com/wn/jobs/10913969.html
Java开发-【数据平台】,行吟信息科技（上海）有限公司,上海,黄浦区,30k-60k,3-5年,本科,https://www.lagou.com/wn/jobs/10908467.html
java架构师(j11013),五八同城信息技术有限公司,北京,朝阳区,35k-50k,5-10年,本科,https://www.lagou.com/wn/jobs/10909880.html
游戏java工程师,成都淇酷文化传媒有限公司,成都,高新区,12k-20k,1-3年,大专,https://www.lagou.com/wn/jobs/10902703.html
Java开发工程师（中级/高级）,深圳市金证科技股份有限公司,成都,武侯区,15k-30k,3-5年,本科,https://www.lagou.com/wn/jobs/10902035.html
Senior Java Developer(O7954),多点生活（中国）数字科技有限公司,成都,高新区,18k-30k,5-10年,本科,https://www.lagou.com/wn/jobs/10897264.html
java后端架构师,成都普朗克科技有限公司,成都,天府新区,18k-25k,5-10年,本科,https://www.lagou.com/wn/jobs/10896800.html
java后端开发,好喔科技（北京）有限公司,北京,海淀区,17k-20k,3-5年,本科,https://www.lagou.com/wn/jobs/10897700.html
java资深架构师,北京卓越晨星科技有限公司,成都,武侯区,20k-35k,5-10年,本科,https://www.lagou.com/wn/jobs/10890996.html
java开发工程师（长沙）,广州海颐软件有限公司,长沙,天心区,7k-14k,1-3年,本科,https://www.lagou.com/wn/jobs/10890927.html
java中高级开发工程师,フューテック株式会社,北京,朝阳区,25k-50k,3-5年,本科,https://www.lagou.com/wn/jobs/10885904.html
java开发工程师-pos,国药控股国大药房有限公司,上海,黄浦区,10k-15k,1-3年,本科,https://www.lagou.com/wn/jobs/10881924.html
java系统架构师,杭州雅拓信息技术有限公司,杭州,拱墅区,22k-35k,5-10年,本科,https://www.lagou.com/wn/jobs/10881618.html
高级java工程师-财务方向,北京白龙马云行科技有限公司,北京,朝阳区,30k-60k,3-5年,本科,https://www.lagou.com/wn/jobs/10868851.html
