职位,公司,城市,薪资,经验,学历
python开发工程师,北京外企德科人力资源服务上海有限公司,北京,20k-30k,不限,本科
python开发工程师,北京外企德科人力资源服务上海有限公司,武汉,12k-22k,1-3年,本科
Python实习生,上海好火的科技有限公司,上海,4k-8k,不限,本科
python后端工程师,上海好火的科技有限公司,苏州,4k-8k,在校/应届,不限
Python开发工程师（广州）,贵阳高登世德金融科技有限公司,广州,10k-15k,3-5年,本科
Java/C++/Python//运维/C,中软国际科技服务有限公司,西安,15k-30k,3-5年,本科
Java/测试/安卓/运维/C++/Python,中软国际科技服务有限公司,西安,15k-30k,3-5年,本科
后端开发工程师（Python）,杭州德睿智药科技有限公司,杭州,12k-20k,不限,本科
python爬虫工程师（高级）,高维互娱科技（北京）有限公司,北京,15k-20k,3-5年,本科
Go/Python研发工程师,深圳永安在线科技有限公司,深圳,25k-35k,3-5年,本科
python数据分析讲师,河南量子矩阵科技有限公司,郑州,8k-13k,3-5年,本科
python教师,深圳乐博乐博教育科技有限公司益田分公司,深圳,6k-12k,1年以下,大专
游戏开发（Lua，C++，C#，Python）,德科信息有限公司,广州,10k-15k,不限,本科
网络安全研发?程师（Python）,郑州赛欧思科技有限公司,郑州,10k-15k,3-5年,本科
python开发工程师(第三方,北京百度网讯科技有限公司,上海,15k-25k,1-3年,本科
python开发工程师,北京外企德科人力资源服务上海有限公司,深圳,15k-30k,1-3年,本科
python开发工程师,北京外企德科人力资源服务上海有限公司,武汉,15k-30k,1-3年,本科
Python算法（风控业务）,中软国际科技服务有限公司,西安,10k-20k,3-5年,本科
python开发工程师(第三方,北京百度网讯科技有限公司,上海,15k-25k,1-3年,本科
python爬虫工程师,深圳禾略贝塔信息科技有限公司,重庆,6k-9k,3-5年,本科
Python实习生,深圳市磐泷智投数据有限公司,深圳,4k-6k,不限,本科
python自动化测试,南宁千禾软件技术有限公司,深圳,10k-15k,3-5年,本科
python实习生,深圳市磐泷智投数据有限公司,深圳,4k-6k,不限,本科
数据研发?程师（python）,郑州赛欧思科技有限公司,郑州,5k-10k,不限,本科
python后端开发工程师,麦可（西安）网络科技有限公司,西安,10k-15k,3-5年,大专
python爬虫工程师,湖南语亦云科技有限公司,长沙,7k-14k,1-3年,不限
Go/Python后端研发工程师(J57808),百度在线网络技术（北京）有限公司,北京,25k-50k,1-3年,本科
Python研发工程师(J58097),百度在线网络技术（北京）有限公司,北京,25k-50k,1-3年,本科
python开发（人工智能）,南京制典网络科技有限公司,南京,10k-20k,1-3年,大专
python开发实习生,达而观信息科技（上海）有限公司,上海,4k-6k,在校/应届,本科
python开发工程师,北京外企德科人力资源服务上海有限公司,东莞,10k-20k,1-3年,本科
python开发工程师,北京外企德科人力资源服务上海有限公司,西安,13k-26k,1-3年,本科
Python开发中级工程师,北京盈科千信科技有限公司,北京,11k-15k,1-3年,本科
c++/python软件工程师,之江实验室,杭州,15k-25k,不限,硕士
python爬虫工程师,北京华城翻译中心有限公司,北京,11k-18k,1-3年,本科
后端开发工程师（java、c/c++、python、go）,华为技术有限公司,西安,18k-35k,不限,本科
python后端工程师,浙江天垂科技有限公司,杭州,15k-30k,不限,本科
python后端开发工程师,深圳市布桐游戏有限公司,深圳,18k-25k,3-5年,大专
java/c++/c/python/web前端\测试,华为技术有限公司,武汉,14k-28k,不限,本科
python全栈开发工程师（ j53346）,百度在线网络技术（北京）有限公司,北京,30k-45k,3-5年,本科
python爬虫开发,北京华城翻译中心有限公司,北京,10k-15k,不限,本科
Python 数据采集,苏州零泉科技有限公司,苏州,6k-10k,1-3年,本科
Python研发工程师,观源（上海）科技有限公司,上海,15k-25k,3-5年,本科
python爬虫工程师,上海泛微网络科技股份有限公司,上海,15k-30k,1-3年,本科
12613K-Python开发工程师,深圳平安综合金融服务有限公司,上海,20k-30k,3-5年,本科
python开发工程师,北京外企德科人力资源服务上海有限公司,武汉,15k-30k,不限,本科
python开发工程师,北京外企德科人力资源服务上海有限公司,深圳,16k-32k,不限,本科
java/c++/c/python/web前端\测试,华为技术有限公司,南京,14k-28k,不限,本科
java/c++/c/python/web前端\测试,华为技术有限公司,西安,14k-28k,不限,本科
python后端开发工程师,上海循宇投资管理有限公司,上海,20k-35k,3-5年,本科
python开发（周末双休、不加班）,中电金信软件有限公司,广州,15k-20k,5-10年,本科
python后端开发工程师,上海蜚语信息科技有限公司,上海,15k-30k,3-5年,本科
Python Developer,深圳前海智龙资本管理有限公司,深圳,15k-20k,在校/应届,本科
RPA开发工程师（熟练python）,深圳市同和信息技术有限公司,深圳,11k-13k,3-5年,大专
Python Engineer,久远谦长（北京）技术服务有限公司,北京,18k-30k,3-5年,本科
python后端开发工程师,苏州沃时数字科技有限公司,苏州,10k-16k,1-3年,本科
python测试工程师,上海清序科技有限公司,上海,10k-12k,3-5年,本科
Python软件工程师,上海艾连信息技术有限公司,上海,7k-9k,1-3年,本科
python后端开发工程师（ai方向）,深圳市易佰网络科技有限公司武汉分公司,武汉,12k-20k,3-5年,本科
python后端开发工程师,深圳素问智能信息技术有限公司,南京,10k-15k,1-3年,本科
python开发工程师,北京外企德科人力资源服务上海有限公司,西安,12k-24k,不限,本科
python开发工程师,北京外企德科人力资源服务上海有限公司,北京,15k-30k,不限,本科
java/c/c++/python/go/js/web/测试...,华为技术有限公司,深圳,15k-30k,不限,本科
C/C++/Java/C#/Python开发工程师,华为技术有限公司,成都,15k-30k,1-3年,本科
python后端工程师,深圳素问智能信息技术有限公司,深圳,10k-16k,1-3年,本科
python后端开发工程师,杭州映云科技有限公司,北京,25k-35k,3-5年,本科
Python开发工程师 (MJ000115),北京永信至诚科技股份有限公司,北京,10k-18k,3-5年,本科
python全栈,北京游道易网络文化有限公司,北京,15k-25k,1-3年,本科
python后端开发工程师,四川凯普顿信息技术股份有限公司,成都,16k-25k,3-5年,本科
Python工程师（人工智能）,浙商期货有限公司,杭州,15k-30k,不限,本科
python实习生（非应届生）,达而观信息科技（上海）有限公司,成都,4k-6k,在校/应届,本科
Python实习生,深圳市磐泷智投数据有限公司,深圳,4k-6k,在校/应届,本科
（高级）Python开发工程师,上海合合信息科技股份有限公司,上海,20k-35k,3-5年,本科
Python开发(数据工程方向),奥智元科技（深圳）有限公司,深圳,15k-20k,1-3年,本科
Python开发实习生,百姓网股份有限公司,上海,3k-5k,在校/应届,本科
python开发工程师（双休，年终奖2-4个月）,北京外企德科人力资源服务上海有限公司,深圳,18k-35k,不限,本科
c/c++，java，js，python、go通用软件开发工程师,北京外企德科人力资源服务上海有限公司,东莞,15k-30k,不限,本科
c/c++，java，js，python、go通用软件开发工程师,华为技术有限公司,武汉,6k-7k,不限,本科
Python后端专家（成都）,北京特拉库塔科技有限公司,成都,28k-50k,5-10年,本科
Python后端专家（北京）,北京特拉库塔科技有限公司,北京,30k-50k,5-10年,本科
python程序员（自动化开发）,深圳市惠群商业数据技术有限公司,深圳,7k-12k,不限,本科
Technical Support/ Python开发工程师,友邦资讯科技（广州）有限公司,广州,15k-20k,5-10年,本科
Python开发实习生,达而观信息科技（上海）有限公司,上海,4k-6k,在校/应届,本科
python开发实习生,北京聚智国传科技有限公司,北京,3k-6k,不限,本科
Python高级工程师,北京尽调云科技有限公司,北京,20k-25k,5-10年,本科
python后端开发工程师,北京尽调云科技有限公司,北京,10k-20k,1-3年,本科
python、C++编程老师,北京博瑞领创科技有限公司,北京,6k-12k,不限,本科
python后端开发工程师,深圳市捎客转运物流有限公司,深圳,15k-25k,5-10年,本科
python爬虫开发,深圳航路信息服务有限公司,深圳,8k-16k,1-3年,大专
高级python开发工程师,广东赛博威信息科技有限公司,广州,12k-20k,3-5年,本科
c/c++，java，js，python，go，软件测试，数据开发,北京外企德科人力资源服务上海有限公司,西安,15k-30k,不限,本科
java/c/c++/python/go/js/web/测试/软件开发/双休,北京外企德科人力资源服务上海有限公司,西安,15k-30k,不限,本科
高级python开发工程师,广东赛博威信息科技有限公司,广州,12k-20k,3-5年,本科
python爬虫工程师,恩特科信息科技（杭州）有限责任公司,杭州,12k-18k,1-3年,本科
Python数据处理工程师,广东杰纳医药科技有限公司,广州,8k-16k,1-3年,本科
python数据处理工程师,广东杰纳医药科技有限公司,广州,10k-18k,1-3年,本科
python后端开发工程师,泰坦科技（深圳）有限公司,深圳,15k-20k,3-5年,本科
python后端开发工程师,深圳道乐科技有限公司,广州,11k-20k,不限,本科
python数据开发工程师,深圳市吉迩科技有限公司,深圳,15k-20k,3-5年,本科
Python技术专家,丰贺信息科技（上海）有限公司,北京,30k-60k,5-10年,本科
Python工程师（欧美休闲游戏 双休 不加班）,昊盈信息技术（成都）有限公司,成都,9k-18k,1-3年,本科
高级量化开发工程师(Python)【北京/杭州】,北京小龙虾科技有限公司,北京,30k-60k,3-5年,本科
python爬虫工程师,昆山可圈可点信息服务有限公司,苏州,15k-18k,3-5年,大专
python数据分析师英文流利周末双休,中电金信软件有限公司,广州,20k-30k,3-5年,本科
福州Python开发工程师,达而观信息科技（上海）有限公司,福州,10k-15k,1-3年,本科
java/c/c++/python/js/测试/运维,北京外企德科人力资源服务上海有限公司,深圳,15k-30k,不限,本科
c/c++，java，js，python，go，软件测试，数据开发,北京外企德科人力资源服务上海有限公司,成都,15k-30k,不限,本科
python后端开发工程师,湖南同有飞骥科技有限公司,长沙,12k-17k,3-5年,本科
python后端开发工程师,北京小钉贴科技有限公司,北京,8k-9k,3-5年,本科
Python开发（外包-港资-福利好）,中电金信软件有限公司,广州,15k-20k,5-10年,本科
python后端开发工程师,上海趋佳信息科技有限公司,郑州,10k-15k,1-3年,本科
python后端开发工程师,上海趋佳信息科技有限公司,上海,15k-25k,3-5年,本科
python爬虫工程师,北京拓尔思信息技术股份有限公司,北京,9k-16k,不限,本科
软件开发工程师（java/c/c++/python）,华为技术有限公司,西安,20k-40k,3-5年,本科
Python游戏开发 (MJ000451),在线途游（北京）科技有限公司,北京,15k-20k,在校/应届,本科
Python程序员,帆桁科技（上海）有限公司,上海,15k-30k,3-5年,本科
python后端,深圳市爱砂电子商务有限公司,深圳,15k-20k,3-5年,本科
python爬虫工程师,北京邦得鼎盛科技有限公司重庆分公司,重庆,4k-8k,1-3年,本科
AI 算法应用工程师（c++/python）,芯算一体（深圳）科技有限公司,深圳,15k-20k,1-3年,本科
python后端开发工程师,网易（杭州）网络有限公司,杭州,20k-40k,5-10年,本科
c/c++，java，js，python、go通用软件开发工程师,北京外企德科人力资源服务上海有限公司,南京,15k-30k,不限,本科
JAVA/前端/C/C++/Python/go开发工程师,北京外企德科人力资源服务上海有限公司,深圳,15k-30k,不限,本科
python研发工程师,上海趋佳信息科技有限公司,郑州,11k-20k,3-5年,本科
Python &amp; Django开发,郑州聚凡科技有限公司,郑州,8k-12k,1-3年,本科
Python爬虫工程师,成都文舟快创科技有限公司,成都,15k-30k,3-5年,大专
python爬虫工程师,上海亿匹特科技有限公司,上海,10k-20k,1-3年,不限
Python软件工程师,北京远大恒通科技发展有限公司,北京,7k-14k,1-3年,本科
Python 软件工程师,上海麓联智能科技有限公司,上海,18k-30k,不限,本科
Python全栈加人工智能,宝贝乖（北京）科技有限公司,北京,20k-30k,3-5年,本科
python后端开发工程师,郑州聚凡科技有限公司,郑州,8k-16k,3-5年,本科
python算法工程师,欧泰普（上海）科技有限公司,上海,10k-14k,1-3年,本科
高级python开发工程师,成都链安科技有限公司,成都,20k-25k,5-10年,本科
中级python开发工程师,成都链安科技有限公司,成都,15k-18k,3-5年,本科
python 开发工程师（ RPA方向）,畅捷通信息技术股份有限公司,北京,20k-30k,3-5年,本科
Python爬虫,北京千里马网信科技有限公司,北京,15k-22k,3-5年,大专
Java/C/C++/Python/JS/测试/运维,北京外企德科人力资源服务上海有限公司,武汉,15k-30k,不限,本科
python爬虫工程师(年终奖2-4/周末双休，加班双倍）,北京外企德科人力资源服务上海有限公司,深圳,18k-35k,不限,本科
Python爬虫,北京千里马网信科技有限公司,北京,15k-22k,3-5年,大专
python爬虫工程师,北京千里马网信科技有限公司,北京,12k-18k,3-5年,大专
python数据分析师,深圳市吉迩科技有限公司,深圳,15k-20k,3-5年,本科
急聘Python开发工程师,杭州五色云网络技术有限公司,杭州,12k-24k,不限,本科
python c++编程老师,天津童程童美科技有限公司,天津,7k-13k,不限,本科
python爬虫工程师,上海易宝软件有限公司杭州分公司,杭州,11k-16k,1-3年,本科
python后端工程师,杭州奎牛科技有限公司,北京,15k-25k,3-5年,本科
python爬虫工程师,北京智慧星光信息技术有限公司,北京,20k-30k,3-5年,本科
python软件开发工程师,上海宝莱特网络技术有限公司,上海,8k-10k,不限,本科
后台开发工程师（JAVA/GO/C++/PYTHON）,华为技术有限公司,深圳,25k-50k,1-3年,本科
python初级开发工程师,深圳市谷尚信息科技有限公司,深圳,10k-18k,1-3年,本科
外企德科-华为云计算工程师java/c++/python,西安华为技术有限公司,西安,15k-30k,不限,本科
python后端开发工程师,牧原食品股份有限公司,郑州,10k-20k,3-5年,本科
c/c++，java，js，python，go，软件测试，数据开发,北京外企德科人力资源服务上海有限公司,上海,15k-30k,不限,本科
c/c++，java，js，python、go通用软件开发工程师,北京外企德科人力资源服务上海有限公司,武汉,15k-30k,不限,本科
python后端开发实习生,广州甲龙商业有限公司,广州,3k-6k,在校/应届,本科
Python 后台开发工程师,上海媒智科技有限公司,上海,15k-25k,3-5年,本科
c++ python少儿讲师,天津童程童美科技有限公司,天津,7k-12k,不限,本科
Python爬虫实习生,杭州易有料科技有限公司,杭州,3k-5k,在校/应届,本科
python开发 (MJ000087),武汉佰悦互娱科技有限公司,广州,20k-35k,不限,本科
python开发工程师（图形算法经验）,湖南象盒网络科技有限公司,长沙,8k-13k,3-5年,大专
python后端开发工程师,上海安钛飞信息技术有限公司,广州,16k-24k,3-5年,本科
python后端开发工程师,广州发业信息科技有限公司,广州,8k-13k,1-3年,本科
Python开发工程师（RPA开发方向）,广州发业信息科技有限公司,广州,8k-13k,1-3年,大专
python数据分析,深圳市易佰网络科技有限公司武汉分公司,武汉,12k-20k,3-5年,本科
python数据开发实习生,上海仲阳天王星数据科技有限公司,上海,4k-8k,在校/应届,本科
python数据开发实习生,上海仲阳天王星数据科技有限公司,成都,4k-8k,在校/应届,本科
python后端开发工程师,北京肉桂胡椒酱科技有限责任公司,成都,8k-15k,1-3年,大专
c/c++，java，js，python，go，软件测试，数据开发,北京外企德科人力资源服务上海有限公司,深圳,15k-30k,不限,本科
java/c/c++/python/js/测试/运维,北京外企德科人力资源服务上海有限公司,西安,20k-40k,3-5年,本科
python数据开发实习生,上海仲阳天王星数据科技有限公司,深圳,4k-8k,在校/应届,本科
python数据开发工程师,上海仲阳天王星数据科技有限公司,深圳,15k-30k,在校/应届,本科
中高级python开发工程师,北京尚思源农业科技开发有限公司,天津,11k-15k,3-5年,本科
python开发工程师（五险一金双休）,上海安钛飞信息技术有限公司,广州,12k-24k,3-5年,大专
Python Data Engineer,普华永道信息技术（上海）有限公司,上海,12k-24k,不限,本科
python后端开发工程师,北京快乐开工科技有限公司,北京,20k-40k,3-5年,本科
后端开发工程师-Node.js/Python,北京快乐开工科技有限公司,北京,20k-40k,3-5年,本科
Python高级开发工程师,杭州鸿致科技有限公司,杭州,10k-20k,1-3年,本科
Python高级开发工程师,广州玄道科技有限公司,广州,12k-20k,5-10年,本科
Python数据挖掘,青岛永嘎科技有限公司,青岛,5K-10K,1-3年,本科
python后端开发工程师,北京庖丁科技有限公司,西安,10k-15k,不限,本科
XPython/算法工程师G00019,上海展才人力资源有限公司,盐城,20k-35k,5-10年,本科
python后端开发工程师,傅利叶动力（北京）科技有限公司,北京,18k-35k,3-5年,本科
python数据开发工程师,上海仲阳天王星数据科技有限公司,上海,15k-30k,在校/应届,本科
Python系统开发实习生,上海仲阳天王星数据科技有限公司,上海,4k-8k,在校/应届,本科
高级Python后端开发,德塔幂方（广州）信息科技有限责任公司,广州,15k-30k,3-5年,本科
python后端开发工程师,重庆哈希智能科技有限公司,重庆,10k-15k,3-5年,本科
java/c/c++/python/js/测试/运维,华为技术有限公司,北京,15k-30k,1-3年,本科
java/c/c++/python/js/测试/运维,华为技术有限公司,西安,15k-30k,1-3年,本科
Python开发工程师（实习）,广州云纳信息科技有限公司,广州,3k-4k,在校/应届,大专
python开发实习生,达而观信息科技（上海）有限公司,北京,5k-8k,在校/应届,本科
scratch、python编程老师 积木,北京博瑞领创科技有限公司,北京,6k-10k,不限,大专
Python&nbsp;后端开发工程师 (MJ000300),翼健（上海）信息科技有限公司,上海,12k-20k,1-3年,本科
Python 后端开发工程师 (MJ000327),翼健（上海）信息科技有限公司,上海,15k-20k,1-3年,本科
python爬虫工程师,上海梭翱信息技术有限公司,上海,16k-20k,1-3年,大专
Python/固件开发工程师,北京丰申科技有限公司,北京,3k-5k,在校/应届,硕士
python图像处理实习生,北京直引科技有限公司,北京,6k-7k,在校/应届,硕士
Python数据工程师,广州掌昆网络科技有限公司,广州,15k-22k,3-5年,本科
Python系统开发实习生,上海仲阳天王星数据科技有限公司,深圳,4k-8k,在校/应届,本科
Python系统开发工程师,上海仲阳天王星数据科技有限公司,上海,15k-30k,在校/应届,本科
高级python开发工程师,北京深言科技有限责任公司,北京,25k-45k,3-5年,本科
python安全开发工程师,北京源堡科技有限公司,北京,25k-50k,不限,本科
python安全开发工程师,北京源堡科技有限公司,北京,25k-50k,不限,本科
python爬虫工程师,北京智慧星光信息技术有限公司,北京,7k-14k,不限,本科
python爬虫工程师,上海千杉网络技术发展有限公司,杭州,15k-30k,3-5年,本科
中级Python开发工程师,成都亿格人居科技有限公司,成都,12k-24k,3-5年,本科
python数据分析,华为技术有限公司,西安,25k-40k,不限,本科
python后端开发工程师,广州拼吧信息科技有限公司,广州,10k-18k,3-5年,本科
python测试开发工程师,珠海奔图电子有限公司,珠海,10k-15k,3-5年,本科
【华为OD】C/C++/java/python/js高级工程师,华为技术有限公司,成都,20k-40k,不限,本科
python后端开发工程师,北京古灵阁科技有限公司,北京,22k-35k,3-5年,本科
资深自动化测试工程师（Python/Java/JS),亿磐系统（深圳）有限公司,成都,15k-30k,5-10年,本科
python后端开发,景生星月信息科技（北京）有限公司,北京,4k-6k,在校/应届,本科
Python系统开发工程师,上海仲阳天王星数据科技有限公司,深圳,15k-30k,在校/应届,本科
Python系统开发工程师 (MJ000233),上海仲阳天王星数据科技有限公司,成都,15k-30k,不限,本科
python后端开发,景生星月信息科技（北京）有限公司,北京,4k-6k,在校/应届,本科
Python开发工程师（实习）,上海玄信资产管理中心（有限合伙）,上海,5k-10k,在校/应届,本科
python开发实习生,北京华道资本投资有限公司,北京,3k-5k,在校/应届,本科
Python网络爬虫开发（实习）,上海数旦信息技术有限公司,上海,4k-5k,不限,本科
Python后端开发实习生（重庆岗）(Z2306),上海茗日智能科技有限公司,重庆,2k-4k,在校/应届,本科
Python开发实习生,上海茗日智能科技有限公司,上海,3k-6k,在校/应届,本科
python爬虫工程师,北京岁月桔子科技有限公司,北京,2k-4k,在校/应届,本科
Python实习生,北京岁月桔子科技有限公司,北京,2k-4k,在校/应届,本科
python开发实习生,上海闵行区青悦环保信息技术服务中心,上海,4k-7k,在校/应届,大专
python爬虫实习工程师,上海闵行区青悦环保信息技术服务中心,上海,4k-7k,在校/应届,大专
python开发工程师（外派道富）,浙江网新恒天软件有限公司,杭州,9k-14k,在校/应届,本科
python后端开发工程师助理,夸克云智科技（深圳）有限公司,深圳,3k-6k,在校/应届,大专
Python爬虫工程师（实习生）,观澜网络（杭州）有限公司,杭州,4k-6k,在校/应届,不限
Python数据开发工程师 (MJ000232),上海仲阳天王星数据科技有限公司,成都,15k-30k,不限,本科
python爬虫工程师,深圳市乐思软件技术有限公司,深圳,6k-9k,在校/应届,本科
Python开发工程师-成都,成都华为技术有限公司,成都,15k-25k,1-3年,本科
python后端开发工程师,杭州映云科技有限公司,昆明,10k-20k,在校/应届,本科
2022校招Python开发工程师(J10248),深圳云天励飞技术股份有限公司,深圳,18k-25k,在校/应届,不限
中高级python后台工程师,广州探迹科技有限公司,广州,15k-30k,3-5年,本科
python技术助理,北京思瑞明创软件科技有限公司,北京,3k-5k,在校/应届,本科
python爬虫工程师,北京聚源锐思数据科技有限公司,北京,8k-10k,在校/应届,本科
Python编程老师,武汉卡巴教育咨询有限公司,武汉,8k-12k,不限,本科
Python数据开发实习生【200-400元/日】,上海仲阳天王星数据科技有限公司,成都,6k-9k,在校/应届,本科
python高级工程师,成都华为技术有限公司,成都,15k-26k,1-3年,本科
Python量化开发工程师,武汉镜像科技有限公司,武汉,15k-30k,不限,本科
python机器学习,北京代码空间科技有限公司,天津,2k-4k,在校/应届,本科
数据挖掘师/python工程师,成都健数科技有限公司,成都,7k-10k,1-3年,本科
python助教,成都环宇知了科技有限公司,成都,6k-10k,1-3年,本科
Python系统开发实习生 (MJ000234),上海仲阳天王星数据科技有限公司,成都,6k-9k,在校/应届,本科
量化工程师/Python开发工程师,北京宏量资本管理有限公司,北京,10k-20k,不限,本科
Python教研,成都环宇知了科技有限公司,成都,8k-12k,1-3年,本科
Python实习生,广州微易软件有限公司,广州,3k-4k,在校/应届,本科
python开发实习生,宝牧科技（天津）有限公司,武汉,3k-4k,在校/应届,本科
编程教研（Python）,成都娄外科技有限公司,成都,10k-20k,不限,本科
Python爬虫及反爬实习工程师（可转正）,南京聪明狗网络技术有限公司,南京,8k-16k,在校/应届,本科
python开发实习生,广州微易软件有限公司,广州,2k-3k,在校/应届,本科
python开发实习,上海邻我信息技术有限公司,上海,2k-4k,在校/应届,不限
Python开发实习生,深圳贝尔信息科技有限公司,深圳,3k-6k,在校/应届,本科
python前端开发工程师,上海潜链信息科技有限公司,上海,20k-40k,在校/应届,本科
python后端开发工程师,上海潜链信息科技有限公司,上海,20k-40k,在校/应届,本科
Python爬虫实习生,深圳爱数云科技有限公司,深圳,6k-10k,在校/应届,本科
Python开发实习生,南京维伍网络科技有限公司,南京,3k-4k,在校/应届,本科
Python开发实习生,西门子（中国）有限公司,北京,3k-5k,在校/应届,本科
Python开发工程师-2023届,友邦资讯科技（广州）有限公司,成都,4k-5k,在校/应届,本科
少儿编程Python老师/双休/六险一金,北京思明启创科技有限公司,济南,6k-8k,1-3年,本科
python讲师,四川码乙科技有限公司,成都,12k-16k,3-5年,本科
Python云平台后端开发工程师,江苏博云科技股份有限公司,南京,6k-10k,在校/应届,本科
Python开发&amp;讲师,优选创新（北京）科技有限公司,北京,8k-15k,1-3年,本科
python少儿教师,北京中诚泰信科技有限公司,北京,3k-6k,不限,本科
Python爬虫实习生,北京氢元数据信息技术有限公司,北京,4k-6k,在校/应届,本科
Python开发实习,上海格蓝威驰信息科技有限公司,上海,3k-5k,在校/应届,本科
python爬虫工程师,上海穰川信息技术有限公司,上海,5k-9k,在校/应届,本科
python编程教师,吉林优聚教育咨询有限公司,通化,3k-5k,在校/应届,大专
RPA/Python开发实习生,上海神兵巧匠智能科技有限公司,上海,3k-5k,在校/应届,大专
python实习生,安徽领云物联科技有限公司,合肥,5k-7k,不限,硕士
python开发实习生,广州字言智语科技有限公司,广州,2k-3k,在校/应届,不限
python工程师（实习岗）,苏州展识科技有限公司,武汉,2k-4k,在校/应届,本科
python后端开发工程师,深圳市魔数智擎人工智能有限公司,深圳,12k-18k,1-3年,本科
2023- Python/Golong 开发工程师(J10261),北京四维图新科技股份有限公司,北京,15k-25k,在校/应届,本科
Python爬虫基础讲师,湖南六星教育网络科技有限公司,成都,6k-10k,1-3年,不限
(有住宿）Python中级讲师,郑州积云教育科技有限公司,郑州,11k-13k,1-3年,本科
java/c++/c/python/web前端\测试,北京外企德科人力资源服务上海有限公司,北京,20k-40k,3-5年,本科
Java/python/c++/全额社保公积金,北京外企德科人力资源服务上海有限公司,杭州,14k-28k,不限,本科
数据仓库（本科，会java或者python）,科锐尔人力资源服务（苏州）有限公司,深圳,20k-40k,不限,本科
运维开发python,张家港市汇智人力资源有限公司,北京,40k-70k,不限,本科
Java/python/前端/C++/C开发―东莞,陕西科锐尔人力资源服务有限公司,东莞,15k-30k,不限,本科
软件开发（Java 安卓 Python iOS C++ ）,陕西科锐尔人力资源服务有限公司,深圳,15k-30k,不限,本科
自动化测试（大量招人，会python或者java),科锐尔人力资源服务（苏州）有限公司,深圳,20k-40k,不限,本科
中级测试开发（python),张家港市汇智人力资源有限公司,北京,30k-60k,不限,本科
海外python工程师,江苏仕程企业管理咨询有限公司,北京,30k-40k,3-5年,本科
Python爬虫（双休）,杭州诗迈医药科技有限公司,杭州,8k-15k,3-5年,大专
python后端开发工程师,上海沃锐企业发展有限公司,上海,12k-20k,3-5年,本科
python后端开发工程师,先路（北京）咨询有限公司,广州,25k-40k,3-5年,本科
Java/C++/C/Python/web/Go/测试/安卓,北京外企德科人力资源服务上海有限公司,西安,15k-30k,不限,本科
java/python/c/c++/go/js/scala各软件开发,北京外企德科人力资源服务上海有限公司,杭州,14k-28k,不限,本科
软件开发工程师（python）,科锐尔人力资源服务（苏州）有限公司,西安,15k-25k,不限,本科
"软件开发（java,python,c++等）",科锐尔人力资源服务（苏州）有限公司,深圳,15k-30k,不限,本科
Java/python/前端/C++/C开发―西安,陕西科锐尔人力资源服务有限公司,西安,15k-30k,不限,本科
Java/python/前端/C++/C开发―上海,陕西科锐尔人力资源服务有限公司,上海,15k-30k,不限,本科
中级python开发工程师,深圳市四通八达猎头有限公司,深圳,20k-40k,1-3年,本科
Python高级开发工程师,广州章伟企业管理咨询有限公司,重庆,15k-30k,3-5年,本科
数据开发工程师（python&amp;c++）,深圳市四通八达猎头有限公司,深圳,20k-40k,不限,本科
python后端开发工程师,上海翰德人力资源有限公司,北京,25k-50k,不限,本科
java（也招Python开发、c、c++、web前端和测试）,成都科之锐人力资源服务有限公司,深圳,13k-26k,1-3年,本科
日语Python,日通（大连）人才咨询有限公司,上海,23k-35k,3-5年,本科
服务端开发工程师-正编（Python服务端）,广州摩芋信息技术有限公司,杭州,20k-40k,3-5年,本科
python全栈开发,上海仕进信息科技有限公司,成都,18k-23k,5-10年,本科
python数据开发工程师,领智人力资源管理（深圳）有限公司,北京,30k-45k,1-3年,本科
JAVA/JS/C/C++/Python/go/测试,北京外企德科人力资源服务上海有限公司,西安,15k-25k,1-3年,本科
C/C++/Java/Python/Web开发,北京外企德科人力资源服务上海有限公司,深圳,18k-36k,不限,本科
软件开发（python）,科锐尔人力资源服务（苏州）有限公司,深圳,15k-30k,不限,本科
软件开发（Python/Java/C++/C),科锐尔人力资源服务（苏州）有限公司,西安,18k-35k,不限,本科
Java/python/前端/C++/C开发―武汉,陕西科锐尔人力资源服务有限公司,武汉,15k-30k,不限,本科
Java/python/前端/C++/C开发―北京,陕西科锐尔人力资源服务有限公司,北京,15k-30k,不限,本科
数据开发工程师（python&amp;c++）,深圳市四通八达猎头有限公司,上海,20k-40k,不限,本科
数据开发工程师（python&amp;c++）,深圳市四通八达猎头有限公司,北京,20k-40k,不限,本科
软件开发工程师（python）,科锐数字科技（苏州）有限公司,西安,20k-40k,1-3年,本科
高级java开发工程师（还招python、大数据、前端、测试）,成都科之锐人力资源服务有限公司,深圳,15k-30k,不限,本科
量化系统开发工程师（python),领智人力资源管理（深圳）有限公司,深圳,30k-60k,3-5年,硕士
c++/python工程师,领智人力资源管理（深圳）有限公司,上海,25k-50k,不限,本科
软件开发工程师[python丨saas软件],成都科之锐人力资源服务有限公司,西安,20k-25k,不限,本科
python高级开发工程师,成都纳欣人力资源服务有限公司,上海,20k-30k,5-10年,本科
od岗-测试-Python-周末双休-高额社保公积金,北京科锐国际人力资源股份有限公司苏州分公司,深圳,15k-25k,1-3年,本科
c/c++，java，js，python、go通用软件开发工程师,北京外企德科人力资源服务上海有限公司,西安,15k-30k,不限,本科
Java/前端/Python/C++/C/GO/测试等开发工程师,北京外企德科人力资源服务上海有限公司,成都,17k-30k,不限,本科
软件开发（Java/Python/C++/C）,科锐尔人力资源服务（苏州）有限公司,武汉,18k-35k,不限,本科
软件开发（Java/Python/C++/C）,科锐尔人力资源服务（苏州）有限公司,深圳,20k-40k,3-5年,本科
Java/python/前端/C++/C开发―杭州,陕西科锐尔人力资源服务有限公司,杭州,15k-30k,不限,本科
Java/python/前端/C++/C开发―深圳,陕西科锐尔人力资源服务有限公司,深圳,15k-30k,不限,本科
c++/python工程师,领智人力资源管理（深圳）有限公司,上海,25k-50k,不限,本科
python(线上面试 周末双休 易面过）,北京科锐国际人力资源股份有限公司成都分公司,上海,10k-19k,3-5年,大专
JAVA开发 ---（C/Python/Go/JS都有),北京外企德科人力资源服务上海有限公司,杭州,15k-30k,不限,本科
东莞―JAVA/JS/C/C++/Python/go/测试,北京外企德科人力资源服务上海有限公司,东莞,15k-30k,不限,本科
c/c++，java，js，python、go通用软件开发工程师,北京外企德科人力资源服务上海有限公司,武汉,15k-30k,不限,本科
c/c++，java，js，python、go通用软件开发工程师,北京外企德科人力资源服务上海有限公司,北京,15k-30k,不限,本科
c/c++，java，js，python、go通用软件开发工程师,北京外企德科人力资源服务上海有限公司,深圳,15k-30k,不限,本科
java/python/c/c++/go/js/scala各软件开发,北京外企德科人力资源服务上海有限公司,深圳,16k-29k,不限,本科
Java/前端/python/C++/C/GO/测试等开发工程师,北京外企德科人力资源服务上海有限公司,北京,18k-35k,不限,本科
java/c/c++/python/go/js/web/测试/软件开发/双休,北京外企德科人力资源服务上海有限公司,西安,15k-30k,不限,本科
java/c++/c/python/web前端\测试,北京外企德科人力资源服务上海有限公司,深圳,13k-26k,不限,本科
Python开发（22届/大厂/面试快/高薪）,科锐尔人力资源服务（苏州）有限公司,东莞,18k-35k,不限,本科
Python开发（爬虫/算法）,科锐尔人力资源服务（苏州）有限公司,武汉,18k-35k,不限,本科
java/python/web前端工程师,陕西科锐尔人力资源服务有限公司,西安,15k-30k,3-5年,本科
java/c++/c/python/web前端\测试,北京外企德科人力资源服务上海有限公司,深圳,13k-26k,不限,本科
java/c++/c/python/web前端\测试,北京外企德科人力资源服务上海有限公司,成都,15k-30k,不限,本科
软件开发工程师（java/python/c/c++/go）,北京外企德科人力资源服务上海有限公司,南昌,15k-30k,不限,本科
软件开发工程师（java/python/c/c++/go）,北京外企德科人力资源服务上海有限公司,贵阳,15k-30k,不限,本科
软件开发工程师（java/python/c/c++/go）,北京外企德科人力资源服务上海有限公司,杭州,15k-30k,不限,本科
软件开发岗位（java/python/c/c++/go）,北京外企德科人力资源服务上海有限公司,南京,15k-30k,不限,本科
软件开发工程师（java/Python/c++/c/go）,北京外企德科人力资源服务上海有限公司,南京,15k-30k,不限,本科
软件开发工程师（java/python/c/c++/go）,北京外企德科人力资源服务上海有限公司,武汉,15k-30k,不限,本科
软件开发工程师（java/Python/C/C++/Go）,北京外企德科人力资源服务上海有限公司,成都,15k-30k,不限,本科
软件开发工程师（java/Python/c/c++/go）,北京外企德科人力资源服务上海有限公司,广州,15k-30k,不限,本科
java/c++/c/python/web前端\测试,北京外企德科人力资源服务上海有限公司,成都,15k-30k,不限,本科
java/c++/c/python/web前端\测试,北京外企德科人力资源服务上海有限公司,成都,15k-30k,不限,本科
后端开发！Java/Python/C/C++/Go 大厂急招,科锐尔人力资源服务（苏州）有限公司,西安,20k-40k,不限,本科
Python开发【22届也可投，大厂高薪，周末双休】,科锐尔人力资源服务（苏州）有限公司,武汉,15k-30k,不限,本科
java/c++/c/python/web前端\测试,北京外企德科人力资源服务上海有限公司,东莞,15k-30k,不限,本科
java/c++/c/python/web前端\测试,北京外企德科人力资源服务上海有限公司,东莞,15k-30k,不限,本科
C/C++，java，JS，python，Go，软件测试，数据开发,北京外企德科人力资源服务上海有限公司,西安,15k-30k,不限,本科
C/C++，java，JS，python，Go，软件测试，数据开发,北京外企德科人力资源服务上海有限公司,上海,15k-30k,不限,本科
Java/C/C++/Python/JS/测试/运维,北京外企德科人力资源服务上海有限公司,东莞,15k-30k,不限,本科
java/js/c/c++/python/go/测试工程师,北京外企德科人力资源服务上海有限公司,成都,15k-30k,不限,本科
"各语言开发工程师（Java，c,c++,python,go等等）",北京外企德科人力资源服务上海有限公司,杭州,15k-30k,不限,本科
C/C++/C#/JAVA/python,北京外企德科人力资源服务上海有限公司,武汉,15k-30k,3-5年,本科
java/前端/python/c++/c/测试,北京外企德科人力资源服务上海有限公司,深圳,20k-40k,不限,本科
python开发工程师（双休+五险一金全额）,北京外企德科人力资源服务上海有限公司,北京,15k-30k,1-3年,本科
软件开发（Java、C++、Python）,北京外企德科人力资源服务上海有限公司,北京,15k-30k,不限,本科
java/js/c/c++/python/go/测试工程师,北京外企德科人力资源服务上海有限公司,西安,15k-30k,不限,本科
Java/Python/C++/C/web/Go/测试/安卓,北京外企德科人力资源服务上海有限公司,西安,15k-28k,不限,本科
python软件开发工程师（核心自研、高薪）,科锐尔人力资源服务（苏州）有限公司,西安,18k-36k,不限,本科
Java/Python/C++/C/web/Go/测试/安卓,北京外企德科人力资源服务上海有限公司,成都,15k-30k,不限,本科
Java/Python/C++/C/web/Go/测试/安卓,北京外企德科人力资源服务上海有限公司,深圳,15k-30k,不限,本科
Java/Python/C++/C/web/Go/测试/安卓,北京外企德科人力资源服务上海有限公司,西安,15k-28k,不限,本科
c++/java/python/算法工程/前端工程师(六险一金，双休),北京外企德科人力资源服务上海有限公司,上海,15k-30k,不限,本科
c++/java/python/算法工程/前端工程师(六险一金，双休),北京外企德科人力资源服务上海有限公司,东莞,15k-30k,不限,本科
c++/java/python/算法工程/前端工程师(六险一金，双休),北京外企德科人力资源服务上海有限公司,杭州,15k-30k,不限,本科
c++/java/python/算法工程/前端工程师(六险一金，双休),北京外企德科人力资源服务上海有限公司,成都,15k-30k,不限,本科
c++/java/python/算法工程/前端工程师(六险一金，双休),北京外企德科人力资源服务上海有限公司,南京,15k-30k,不限,本科
c++/java/python/算法工程/前端工程师(六险一金，双休),北京外企德科人力资源服务上海有限公司,西安,15k-30k,不限,本科
c++/java/python/算法工程/前端工程师(六险一金，双休),北京外企德科人力资源服务上海有限公司,北京,15k-30k,不限,本科
软件开发工程师 (java c++ python）,北京外企德科人力资源服务上海有限公司,杭州,15k-30k,不限,本科
软件开发工程师 (java c++ python）,北京外企德科人力资源服务上海有限公司,西安,15k-30k,不限,本科
软件开发工程师 (java c++ python）,北京外企德科人力资源服务上海有限公司,西安,15k-30k,不限,本科
软件开发工程师 (java c++ python),北京外企德科人力资源服务上海有限公司,北京,15k-30k,1-3年,本科
通用研发c/c++/java/js/python/php/go,北京外企德科人力资源服务上海有限公司,西安,15k-30k,不限,本科
软件开发（Java、C++、Python）,北京外企德科人力资源服务上海有限公司,西安,15k-30k,不限,本科
长沙―JAVA/JS/C/C++/Python/go/测试,北京外企德科人力资源服务上海有限公司,长沙,15k-30k,不限,本科
Java/python/c++/测试/web,北京外企德科人力资源服务上海有限公司,北京,15k-30k,不限,本科
Java/C/C++/Python/JS/测试/运维,北京外企德科人力资源服务上海有限公司,深圳,15k-30k,不限,本科
大数据开发（Java/python）,北京外企德科人力资源服务上海有限公司,深圳,15k-30k,不限,本科
Java/C++/Python/Go 软开 软测 算法 数据,北京外企德科人力资源服务上海有限公司,南京,13k-26k,不限,本科
Java/C/Python工程师+14-16薪,北京外企德科人力资源服务上海有限公司,北京,12k-24k,不限,本科
Java/前端/python/c++/c/测试,北京外企德科人力资源服务上海有限公司,上海,15k-30k,不限,本科
Java/前端/python/c++/c/测试,北京外企德科人力资源服务上海有限公司,杭州,13k-26k,不限,本科
c/c++，java，js，python、go通用软件开发工程师,北京外企德科人力资源服务上海有限公司,东莞,15k-30k,3-5年,本科
Java/前端/测试/c/c++/python,北京外企德科人力资源服务上海有限公司,东莞,12k-24k,不限,本科
各软件开发java/python/c/c++/js,北京外企德科人力资源服务上海有限公司,东莞,15k-30k,不限,本科
各软件开发java/python/c/c++/js,北京外企德科人力资源服务上海有限公司,成都,15k-30k,不限,本科
各软件开发java/python/c/c++/js,北京外企德科人力资源服务上海有限公司,广州,15k-30k,不限,本科
各软件开发java/python/c/c++/js,北京外企德科人力资源服务上海有限公司,武汉,15k-30k,不限,本科
各软件开发java/python/c/c++/js,北京外企德科人力资源服务上海有限公司,西安,15k-30k,不限,本科
各软件开发java/python/c/c++/js,北京外企德科人力资源服务上海有限公司,深圳,15k-30k,不限,本科
各软件开发java/python/c/c++/js,北京外企德科人力资源服务上海有限公司,北京,15k-30k,不限,本科
各软件开发java/python/c/c++/js,北京外企德科人力资源服务上海有限公司,杭州,15k-30k,不限,本科
c/ c ++/ java/python/go/web/运维...,北京外企德科人力资源服务上海有限公司,西安,15k-30k,不限,本科
Java/C/C++/Python/JS/测试/运维,北京外企德科人力资源服务上海有限公司,贵阳,15k-30k,不限,本科
Java/C/C++/Python/JS/测试/运维,北京外企德科人力资源服务上海有限公司,成都,15k-30k,不限,本科
Java/C/C++/Python/JS/测试/运维,北京外企德科人力资源服务上海有限公司,杭州,15k-30k,不限,本科
Java/C/C++/Python/JS/测试/运维,北京外企德科人力资源服务上海有限公司,北京,15k-30k,不限,本科
Java/C/C++/Python/JS/测试/运维,北京外企德科人力资源服务上海有限公司,南京,15k-30k,不限,本科
后端/c/c#/c++/java/python/go/js,北京外企德科人力资源服务上海有限公司,深圳,15k-30k,1-3年,本科
软件开发工程师 (java c++ python js ),北京外企德科人力资源服务上海有限公司,成都,15k-30k,1-3年,本科
软件开发工程师 (java c++ python js ),北京外企德科人力资源服务上海有限公司,上海,15k-30k,不限,本科
软件开发工程师 (java c++ python js ),北京外企德科人力资源服务上海有限公司,南京,15k-30k,不限,本科
Java/前端/python/c++/c/数据开发/测试,北京外企德科人力资源服务上海有限公司,武汉,13k-26k,不限,本科
Java/前端/python/c++/c/测试,北京外企德科人力资源服务上海有限公司,北京,14k-28k,不限,本科
Java/python/C++/C/测试/前端/go,北京外企德科人力资源服务上海有限公司,北京,15k-30k,不限,本科
通用研发c/c++/java/js/python/php/go,北京外企德科人力资源服务上海有限公司,上海,15k-30k,不限,本科
java/前端/c/c++/python/go开发工程师,北京外企德科人力资源服务上海有限公司,西安,15k-30k,不限,本科
java/前端/c/c++/python/go开发工程师,北京外企德科人力资源服务上海有限公司,深圳,16k-30k,不限,本科
c/c++/JAVA/Python开发（华为）,北京外企德科人力资源服务上海有限公司,上海,18k-36k,不限,本科
c/c++，java，js，python软件开发测试工程师,北京外企德科人力资源服务上海有限公司,上海,15k-30k,1-3年,本科
C++/C/Java/Python/GO开发工程师,北京外企德科人力资源服务上海有限公司,西安,15k-25k,不限,本科
c++/c/java/python/go/前端开发工程师,北京外企德科人力资源服务上海有限公司,北京,17k-25k,不限,本科
C++/C/Java/Python/GO开发工程师,北京外企德科人力资源服务上海有限公司,东莞,17k-25k,不限,本科
C++/C/Java/Python/GO开发工程师,北京外企德科人力资源服务上海有限公司,成都,17k-25k,不限,本科
C++/C/Java/Python/GO开发工程师,北京外企德科人力资源服务上海有限公司,上海,17k-25k,不限,本科
C++/C/Java/Python/GO开发工程师,北京外企德科人力资源服务上海有限公司,杭州,18k-25k,不限,本科
西安-C++/C/Java/Python/GO/web前端/测试,北京外企德科人力资源服务上海有限公司,北京,17k-25k,不限,本科
北京-C++/C/Java/Python/GO开发工程师,北京外企德科人力资源服务上海有限公司,北京,17k-25k,不限,本科
C++、Java、Web、Python、Go开发工程师,北京外企德科人力资源服务上海有限公司,长沙,17k-25k,不限,本科
c/c++，java，js，python、go通用软件开发工程师,北京外企德科人力资源服务上海有限公司,南京,15k-30k,不限,本科
java/c/c++/python/go/js/web/测试/软件开发/双休,北京外企德科人力资源服务上海有限公司,上海,15k-30k,1-3年,本科
Java/C++/Python/Go 开发 测试 算法 数据,北京外企德科人力资源服务上海有限公司,东莞,14k-28k,不限,本科
Java/C++/Python/Go 测试 算法 数据 分布式 嵌入式,北京外企德科人力资源服务上海有限公司,深圳,14k-28k,不限,本科
Java/Python/c++/Js/Go 分布式/嵌入式（华为研究所）,北京外企德科人力资源服务上海有限公司,武汉,13k-26k,不限,本科
通用软件工程师（Java/C++/Python/Go）―华为研究所,北京外企德科人力资源服务上海有限公司,北京,14k-28k,不限,本科
c/c++，java，js，python、go通用软件开发工程师,北京外企德科人力资源服务上海有限公司,深圳,15k-30k,不限,本科
软件开发工程师（java/c/c++/python/go/）华为研究所,北京外企德科人力资源服务上海有限公司,上海,14k-28k,不限,本科
c/c++，java，js，python、go通用软件开发工程师,北京外企德科人力资源服务上海有限公司,深圳,15k-30k,1-3年,本科
JAVA/C++/C/Python/WEB前端\测试,北京外企德科人力资源服务上海有限公司,杭州,15k-30k,不限,本科
JAVA/C++/C/Python/WEB前端\测试,北京外企德科人力资源服务上海有限公司,西安,15k-30k,不限,本科
JAVA/C++/C/Python/WEB前端\测试,北京外企德科人力资源服务上海有限公司,上海,15k-30k,不限,本科
JAVA/C++/C/Python/WEB前端\测试,北京外企德科人力资源服务上海有限公司,北京,15k-30k,不限,本科
JAVA/C++/C/Python/WEB前端\测试,北京外企德科人力资源服务上海有限公司,深圳,15k-30k,不限,本科
苏州―JAVA/JS/C/C++/Python/go/测试,北京外企德科人力资源服务上海有限公司,苏州,15k-30k,不限,本科
武汉―JAVA/JS/C/C++/Python/go/测试,北京外企德科人力资源服务上海有限公司,武汉,15k-30k,不限,本科
java/python/c/c++/js,北京外企德科人力资源服务上海有限公司,重庆,15k-30k,不限,本科
"开发测试工程师（Java，c,c++,python,oc,go等等）",北京外企德科人力资源服务上海有限公司,苏州,15k-30k,不限,本科
"开发工程师（Java，c,c++,python,oc,go等等）",北京外企德科人力资源服务上海有限公司,西安,15k-30k,不限,本科
Java/Python/C/C++/Go/Js/Scala各软件开发,北京外企德科人力资源服务上海有限公司,深圳,15k-30k,不限,本科
Java/Python/C/C++/Go/Js/Scala各软件开发,北京外企德科人力资源服务上海有限公司,成都,15k-30k,不限,本科
Java/Python/C/C++/Go/Js/Scala各软件开发,北京外企德科人力资源服务上海有限公司,杭州,15k-30k,不限,本科
c/c++，java，js，python、go通用软件开发工程师,北京外企德科人力资源服务上海有限公司,广州,15k-30k,不限,本科
c/c++，java，js，python、go通用软件开发工程师,北京外企德科人力资源服务上海有限公司,上海,15k-30k,不限,本科
c/c++，java，js，python、go通用软件开发工程师,北京外企德科人力资源服务上海有限公司,杭州,15k-30k,不限,本科
c/c++，java，js，python、go通用软件开发工程师,北京外企德科人力资源服务上海有限公司,杭州,15k-30k,不限,本科
C/C++，java，JS，python、Go通用软件开发工程师,北京外企德科人力资源服务上海有限公司,武汉,15k-30k,不限,本科
C/C++，java，JS，python、Go通用软件开发工程师 软件测试,北京外企德科人力资源服务上海有限公司,杭州,15k-30k,不限,本科
C/C++，java，JS，python、Go软件开发工程师，大数据开发,北京外企德科人力资源服务上海有限公司,南京,15k-30k,不限,本科
c/c++，java，js，python、go通用软件开发工程师,北京外企德科人力资源服务上海有限公司,长沙,15k-30k,不限,本科
C/C++，java，JS，python、Go通用软件开发工程师,北京外企德科人力资源服务上海有限公司,深圳,15k-30k,不限,本科
C/C++，java，JS，python、Go通用软件开发工程师,北京外企德科人力资源服务上海有限公司,成都,15k-30k,不限,本科
c/c++，java，js，python、go通用软件开发工程师,北京外企德科人力资源服务上海有限公司,西安,15k-30k,不限,本科
C/C++，java，JS，python、Go软件开发工程师,北京外企德科人力资源服务上海有限公司,上海,15k-30k,不限,本科
C/C++，java，JS，python、Go，软测大数据开发，网络安全,北京外企德科人力资源服务上海有限公司,北京,15k-30k,不限,本科
软件开发工程师C/C++/Python/Java/go/嵌入式/安卓/OS,北京外企德科人力资源服务上海有限公司,长沙,18k-35k,不限,本科
南京―JAVA/JS/C/C++/Python/go/测试,北京外企德科人力资源服务上海有限公司,南京,15k-30k,不限,本科
上海―JAVA/JS/C/C++/Python/go/测试,北京外企德科人力资源服务上海有限公司,上海,15k-30k,不限,本科
北京―JAVA/JS/C/C++/Python/go/测试,北京外企德科人力资源服务上海有限公司,北京,15k-30k,不限,本科
杭州―JAVA/JS/C/C++/Python/go/测试,北京外企德科人力资源服务上海有限公司,杭州,15k-30k,不限,本科
成都―JAVA/JS/C/C++/Python/go/测试,北京外企德科人力资源服务上海有限公司,成都,15k-30k,不限,本科
